room,metric,model,H,rmse,mae,smape,lat_mean_ms,lat_p95_ms,lat_max_ms,lat_per_step_ms,feas_p95_ratio,n_origins
413,temperature,ARIMA_311,1,0.002158831649968924,0.002158831649968924,8.96505677476634e-05,1.549901906400919,1.6962630674242973,4.422368481755257,1.549901906400919,2.827105112373829e-05,100
413,temperature,ARIMA_311,10,0.006877501183652826,0.005922161699902001,0.00024514877141736715,1.73155402764678,1.8503807485103605,2.2179875522851944,0.173155402764678,3.083967914183934e-05,100
413,temperature,ARIMA_311,30,0.018302848229417024,0.01520333426919785,0.0006284259647344872,1.960830669850111,2.070022188127041,2.2744014859199524,0.06536102232833703,3.4500369802117346e-05,100
413,temperature,ARIMA_311,60,0.04633239817434144,0.03772649727109598,0.0015465053576157602,2.325702700763941,2.479164954274893,2.623496577143669,0.038761711679399014,4.131941590458155e-05,100
413,temperature,ARIMA_511_FFT,1,0.002092731033109985,0.002092731033109985,8.696844248214374e-05,4.153782073408365,4.225574526935816,4.638735204935074,4.153782073408365,7.042624211559692e-05,100
413,temperature,ARIMA_511_FFT,10,0.006658058562408972,0.005730838258687412,0.00023724777725352852,4.535468891263008,4.609994310885668,4.672788083553314,0.4535468891263008,7.683323851476114e-05,100
413,temperature,ARIMA_511_FFT,30,0.01728851268965582,0.014483410839077273,0.0005985148795860883,4.945039507001638,5.184840317815542,5.3512658923864365,0.16483465023338795,8.641400529692572e-05,100
413,temperature,ARIMA_511_FFT,60,0.03825390156332733,0.03150945986608545,0.0012900834592752498,5.517849717289209,5.653032939881086,6.052305921912193,0.09196416195482016,9.421721566468478e-05,100
413,temperature,LSTM_DENSE_SMALL_W60_H1,1,0.005760967763265299,0.005760967763265299,0.00023908154785402835,58.602588046342134,59.02947969734669,311.01861596107483,58.602588046342134,0.0009838246616224449,100
413,temperature,LSTM_DENSE_SMALL_W60_H1,10,0.010497506398809546,0.009583595765654025,0.00039766041362823814,558.9268810674548,563.9875734224916,724.7405145317316,55.89268810674548,0.009399792890374858,100
413,temperature,LSTM_DENSE_SMALL_W60_H1,30,0.02941674053877823,0.025296440861189873,0.0010494824489924086,1710.7217835448682,1735.1295891217887,1922.235207632184,57.02405945149561,0.028918826485363147,100
413,temperature,LSTM_DENSE_SMALL_W60_H1,60,0.06561226413520184,0.05384176414051065,0.0022379440600793685,3450.125160701573,3547.0682251267135,3741.3609214127064,57.50208601169288,0.05911780375211189,100
413,temperature,LSTM_DENSE_MED_W60_H1,1,0.003023695119222154,0.003023695119222154,0.0001248617651339147,57.472987696528435,59.887157287448645,138.50916549563408,57.472987696528435,0.0009981192881241441,100
413,temperature,LSTM_DENSE_MED_W60_H1,10,0.007271789228745905,0.006319300963217303,0.0002607372891117652,575.0954131409526,599.3060380220413,804.5383207499981,57.50954131409526,0.009988433967034022,100
413,temperature,LSTM_DENSE_MED_W60_H1,30,0.020000180915005553,0.01671215829168996,0.0006886492960501404,1690.5961204133928,1777.8140881098807,1922.1152290701866,56.35320401377976,0.029630234801831346,100
413,temperature,LSTM_DENSE_MED_W60_H1,60,0.04818735250533359,0.03944712036832319,0.0016228538813184187,3267.9266179539263,3340.6375122256577,3526.7854053527117,54.46544363256544,0.05567729187042762,100
413,temperature,LSTM_DENSE_MED_W120_H1,1,0.0032036275227866184,0.0032036275227866184,0.00013228944560329448,54.72695345059037,56.635750364512205,132.88714364171028,54.72695345059037,0.0009439291727418701,100
413,temperature,LSTM_DENSE_MED_W120_H1,10,0.007350502854891174,0.006411594236680692,0.0002646845404626277,566.3684805296361,579.9021530896425,864.5414151251316,56.636848052963614,0.009665035884827375,100
413,temperature,LSTM_DENSE_MED_W120_H1,30,0.020767932702882096,0.017284726370549862,0.0007142913211601582,1678.6975807324052,1733.969023823738,1937.3104311525822,55.956586024413504,0.028899483730395636,100
413,temperature,LSTM_DENSE_MED_W120_H1,60,0.05174784615155862,0.04205756189851677,0.0017369499275130711,3347.774098869413,3470.2094641514122,3670.5112010240555,55.796234981156886,0.05783682440252354,100
413,temperature,LSTM_DENSE_MED_W240_H1,1,0.0032941660563150774,0.0032941660563150774,0.00013606423242336468,58.09333298355341,60.62318403273821,141.1855984479189,58.09333298355341,0.0010103864005456369,100
413,temperature,LSTM_DENSE_MED_W240_H1,10,0.0075980009528632516,0.0066392079077234245,0.00027413045330358687,573.3380746468902,602.2375523112714,767.7122987806797,57.333807464689016,0.010037292538521191,100
413,temperature,LSTM_DENSE_MED_W240_H1,30,0.02042028120669277,0.017026032492067748,0.0007011236855979087,1722.8292414359748,1787.7381305210292,1897.5321091711521,57.42764138119916,0.029795635508683818,100
413,temperature,LSTM_DENSE_MED_W240_H1,60,0.04980848756125116,0.04078196865280373,0.0016784893696788078,3451.290825754404,3558.3488958887756,3759.1418232768774,57.5215137625734,0.05930581493147959,100
413,temperature,LSTM_DENSE_MED_W60_H30,1,0.012124385325114062,0.012124385325114062,0.0004994364551644135,56.81884977966547,58.994284458458424,235.27488857507706,56.81884977966547,0.0009832380743076403,100
413,temperature,LSTM_DENSE_MED_W60_H30,10,0.012338066919066642,0.01136081542773134,0.00046852395406578437,58.02582535892725,59.496316220611334,144.12286691367626,5.802582535892725,0.0009916052703435223,100
413,temperature,LSTM_DENSE_MED_W60_H30,30,0.02383748433156017,0.02045243230782652,0.0008421626164715885,56.24360155314207,57.79743241146207,140.65363630652428,1.874786718438069,0.0009632905401910345,100
413,temperature,LSTM_DENSE_MED_W60_H30,60,0.051949389232882066,0.04294581884083303,0.0017743932690831704,109.31046450510621,111.26960506662726,193.8475351780653,1.8218410750851035,0.001854493417777121,100
413,temperature,LSTM_DENSE_MED_W120_H30,1,0.008993078613281184,0.008993078613281184,0.0003706528984599594,55.527901239693165,57.45744565501809,135.45146770775318,55.527901239693165,0.0009576240942503015,100
413,temperature,LSTM_DENSE_MED_W120_H30,10,0.010615670850484678,0.009447599421859146,0.000390676653225413,54.62213348597288,56.41667377203703,135.88171266019344,5.462213348597288,0.0009402778962006172,100
413,temperature,LSTM_DENSE_MED_W120_H30,30,0.02490417002224343,0.021278476952031812,0.0008773882665877676,54.435936603695154,56.69150734320283,129.72933240234852,1.8145312201231718,0.0009448584557200471,100
413,temperature,LSTM_DENSE_MED_W120_H30,60,0.054436241323767794,0.04497585493631661,0.0018597431839948958,119.03265362605453,120.73473036289215,313.31391632556915,1.983877560434242,0.0020122455060482022,100
413,temperature,LSTM_DENSE_MED_W240_H30,1,0.005690183766682963,0.005690183766682963,0.0002354241903901447,59.28380224853754,61.2829583697021,142.1390250325203,59.28380224853754,0.001021382639495035,100
413,temperature,LSTM_DENSE_MED_W240_H30,10,0.009521296551684641,0.008224450815018594,0.0003395465957340311,58.087495528161526,59.87832499668002,140.9683432430029,5.808749552816153,0.0009979720832780003,100
413,temperature,LSTM_DENSE_MED_W240_H30,30,0.029671741632572166,0.025041459348866795,0.0010359062134694215,58.28164903447032,60.138460621237755,137.5137809664011,1.942721634482344,0.0010023076770206293,100
413,temperature,LSTM_DENSE_MED_W240_H30,60,0.0641992361236658,0.0525446287763072,0.00218186794784577,113.18130360916257,114.82138531282544,193.92352551221848,1.8863550601527095,0.0019136897552137573,100
413,temperature,LSTM_DENSE_MED_W60_H60,1,0.01430409876505557,0.01430409876505557,0.0005863069710476353,54.124816190451384,55.24839926511049,134.51668992638588,54.124816190451384,0.0009208066544185082,100
413,temperature,LSTM_DENSE_MED_W60_H60,10,0.017886554984323545,0.016401804157959568,0.0006738433438116398,60.5725353769958,60.94964202493429,256.66765309870243,6.05725353769958,0.001015827367082238,100
413,temperature,LSTM_DENSE_MED_W60_H60,30,0.03206491337118257,0.027906282447631145,0.0011563069258773854,57.35929263755679,58.94574522972107,144.29425075650215,1.911976421251893,0.0009824290871620178,100
413,temperature,LSTM_DENSE_MED_W60_H60,60,0.060131083007177635,0.05081375351583486,0.002109164284697148,55.6602924503386,57.24662281572819,139.46060836315155,0.9276715408389767,0.0009541103802621365,100
413,temperature,LSTM_DENSE_MED_W120_H60,1,0.01579266179402687,0.01579266179402687,0.0006438813204984789,55.786358304321766,57.985647674649954,135.6955822557211,55.786358304321766,0.000966427461244166,100
413,temperature,LSTM_DENSE_MED_W120_H60,10,0.016523177009340285,0.0147277879271252,0.0006059616012119724,55.36425016820431,57.675703428685665,131.76498748362064,5.536425016820431,0.0009612617238114277,100
413,temperature,LSTM_DENSE_MED_W120_H60,30,0.03171147761088576,0.027317035556665696,0.0011275127505022868,54.73289364948869,56.40668058767915,132.90082849562168,1.8244297883162897,0.0009401113431279859,100
413,temperature,LSTM_DENSE_MED_W120_H60,60,0.05743448874013492,0.0483499379859159,0.0019945658292636406,54.559376668184996,55.75865898281336,130.73883578181267,0.9093229444697499,0.0009293109830468894,100
413,temperature,LSTM_DENSE_MED_W240_H60,1,0.022605297088622932,0.022605297088622932,0.000941050837765732,59.82544373720884,61.72353206202388,148.69183115661144,59.82544373720884,0.0010287255343670646,100
413,temperature,LSTM_DENSE_MED_W240_H60,10,0.020874290803308736,0.01946619195915893,0.0008043065022230213,59.202219378203154,61.6070163436234,145.6712931394577,5.920221937820315,0.0010267836057270567,100
413,temperature,LSTM_DENSE_MED_W240_H60,30,0.0301609644503499,0.026629026101207896,0.0010922609584192262,58.321700897067785,60.25445926934481,138.85886408388615,1.944056696568926,0.0010042409878224135,100
413,temperature,LSTM_DENSE_MED_W240_H60,60,0.05573115055301615,0.047289913271686815,0.0019468096981851196,57.52519618719816,59.17698293924332,136.5947648882866,0.958753269786636,0.0009862830489873887,100
419,temperature,ARIMA_311,1,0.0024948087639254267,0.0024948087639254267,0.00010995793491543514,1.62936607375741,1.6939318738877773,2.2384151816368103,1.62936607375741,2.8232197898129623e-05,100
419,temperature,ARIMA_311,10,0.010850420307973925,0.009422528407076573,0.000413475386010215,1.873153392225504,1.9588729366660118,2.158215269446373,0.1873153392225504,3.264788227776686e-05,100
419,temperature,ARIMA_311,30,0.036274337814263195,0.03034869464528278,0.0013323688618831096,2.0987698063254356,2.195282280445099,2.352040261030197,0.06995899354418118,3.6588038007418315e-05,100
419,temperature,ARIMA_311,60,0.07456687138456827,0.0625189313946376,0.002745553284200705,2.4439779110252857,2.5747024454176426,2.770744264125824,0.040732965183754764,4.291170742362738e-05,100
419,temperature,ARIMA_511_FFT,1,0.0023780455912204347,0.0023780455912204347,0.00010453905505804726,4.349815119057894,4.595291707664728,4.817938432097435,4.349815119057894,7.658819512774547e-05,100
419,temperature,ARIMA_511_FFT,10,0.00724087084737622,0.006358412079241102,0.000277867197161153,4.757837969809771,4.936613794416189,5.193402990698814,0.47578379698097706,8.227689657360316e-05,100
419,temperature,ARIMA_511_FFT,30,0.020595910246202623,0.017160837244343568,0.0007486427361630671,5.13433625921607,5.344256665557623,5.594594404101372,0.171144541973869,8.907094442596038e-05,100
419,temperature,ARIMA_511_FFT,60,0.04542402894430941,0.03755868779954119,0.0016381577447502926,5.654310043901205,5.803562421351671,5.980294197797775,0.09423850073168676,9.672604035586119e-05,100
419,temperature,LSTM_DENSE_SMALL_W60_H1,1,0.007534606422311043,0.007534606422311043,0.0003321880469995857,60.923296362161636,63.104051910340786,153.86738441884518,60.923296362161636,0.0010517341985056797,100
419,temperature,LSTM_DENSE_SMALL_W60_H1,10,0.013539345021984091,0.012605707702119133,0.0005544590791297983,578.5509442724288,587.6790839247406,678.7983160465956,57.855094427242875,0.009794651398745675,100
419,temperature,LSTM_DENSE_SMALL_W60_H1,30,0.036211534833366026,0.03155030365609797,0.0013861334364597625,1774.6546155400574,1879.4063563458622,1950.0725138932467,59.15515385133525,0.03132343927243104,100
419,temperature,LSTM_DENSE_SMALL_W60_H1,60,0.07302205729696365,0.06182022441777587,0.0027186282624404156,3521.7318774200976,3681.253325752914,3872.405542060733,58.69553129033496,0.0613542220958819,100
419,temperature,LSTM_DENSE_MED_W60_H1,1,0.0032151045515304588,0.0032151045515304588,0.00014126703032316384,57.34279101714492,59.700231812894344,135.82256063818932,57.34279101714492,0.000995003863548239,100
419,temperature,LSTM_DENSE_MED_W60_H1,10,0.0093668668088321,0.008209002701429768,0.00036197089300499675,591.649343855679,624.2649494670331,789.8734416812658,59.1649343855679,0.010404415824450553,100
419,temperature,LSTM_DENSE_MED_W60_H1,30,0.035058435002510636,0.02854943323287767,0.0012669985179055731,1676.8253613635898,1785.548996273428,2073.9755872637033,55.89417871211966,0.029759149937890465,100
419,temperature,LSTM_DENSE_MED_W60_H1,60,0.0886415789743213,0.07208705668396298,0.00320333134059632,3291.308756172657,3425.284921564162,3613.355189561844,54.85514593621095,0.05708808202606937,100
419,temperature,LSTM_DENSE_MED_W120_H1,1,0.002991450079125144,0.002991450079125144,0.00013098865663064093,56.6237698122859,57.931904308497906,140.30547253787518,56.6237698122859,0.0009655317384749651,100
419,temperature,LSTM_DENSE_MED_W120_H1,10,0.008425046309285327,0.007434950109653151,0.0003261977439167936,550.1123147457838,561.1345384269952,761.3260131329298,55.01123147457838,0.009352242307116586,100
419,temperature,LSTM_DENSE_MED_W120_H1,30,0.02875012196355757,0.023511814746347177,0.0010369964794984731,1666.1423215270042,1709.7626800648868,1871.3766299188137,55.538077384233475,0.028496044667748115,100
419,temperature,LSTM_DENSE_MED_W120_H1,60,0.07227801575845866,0.058764902901595695,0.002595098453130367,3349.544616751373,3446.012642607093,3760.117730125785,55.82574361252288,0.05743354404345155,100
419,temperature,LSTM_DENSE_MED_W240_H1,1,0.0035736301856466213,0.0035736301856466213,0.00015666734472526652,57.294868398457766,58.948247134685516,135.2229379117489,57.294868398457766,0.000982470785578092,100
419,temperature,LSTM_DENSE_MED_W240_H1,10,0.009580673516131412,0.008536755398843932,0.0003745557048858204,587.6393734291196,606.4021571539342,797.8454399853945,58.76393734291196,0.010106702619232237,100
419,temperature,LSTM_DENSE_MED_W240_H1,30,0.03171596346479291,0.026176789892038862,0.0011542829648730835,1729.5071676000953,1796.678767632693,1933.7388705462217,57.650238920003176,0.02994464612721155,100
419,temperature,LSTM_DENSE_MED_W240_H1,60,0.07481343190779068,0.06165787915786398,0.0027194984206861833,3459.496543891728,3582.8782905824482,3795.5986466258764,57.658275731528796,0.05971463817637414,100
419,temperature,LSTM_DENSE_MED_W60_H30,1,0.06791939243722482,0.06791939243722482,0.0030768216335041077,56.105592641979456,57.93236820027232,137.80284859240055,56.105592641979456,0.0009655394700045387,100
419,temperature,LSTM_DENSE_MED_W60_H30,10,0.05592970880987139,0.049593997994179954,0.002238515491953702,55.11960159987211,57.21820192411542,133.48767533898354,5.511960159987211,0.0009536366987352569,100
419,temperature,LSTM_DENSE_MED_W60_H30,30,0.06611318382334055,0.05630373841583391,0.0025293007163594092,54.40061589702964,56.275603361427784,132.6985191553831,1.8133538632343214,0.0009379267226904631,100
419,temperature,LSTM_DENSE_MED_W60_H30,60,0.12639503800273916,0.1016793990940161,0.004578164174251339,107.35385337844491,110.08099718019366,186.26708537340164,1.7892308896407485,0.0018346832863365612,100
419,temperature,LSTM_DENSE_MED_W120_H30,1,0.022658277963113208,0.022658277963113208,0.0010230194459197894,60.87758990004659,62.25480576977134,245.77123671770096,60.87758990004659,0.0010375800961628556,100
419,temperature,LSTM_DENSE_MED_W120_H30,10,0.03534003171946656,0.029077050375643152,0.001308061863075778,57.95549225062132,59.544810838997364,144.394189119339,5.795549225062132,0.0009924135139832895,100
419,temperature,LSTM_DENSE_MED_W120_H30,30,0.055501288061638704,0.04636255635598354,0.0020767528492302203,56.327357552945614,57.8099868260324,139.50162939727306,1.8775785850981872,0.0009634997804338734,100
419,temperature,LSTM_DENSE_MED_W120_H30,60,0.11486240007021625,0.09370261572139318,0.004206775830239507,110.67044550552964,113.19436049088836,193.1107249110937,1.8445074250921607,0.0018865726748481392,100
419,temperature,LSTM_DENSE_MED_W240_H30,1,0.010582545035661467,0.010582545035661467,0.00047591834277891396,57.26001285016537,58.33801627159119,138.24046589434147,57.26001285016537,0.0009723002711931864,100
419,temperature,LSTM_DENSE_MED_W240_H30,10,0.018026343255244767,0.015297529342311352,0.000684251506841355,56.99174692854285,59.297798573970795,133.14121961593628,5.699174692854285,0.0009882966428995132,100
419,temperature,LSTM_DENSE_MED_W240_H30,30,0.04443374787196263,0.03558829755777713,0.001586835357026124,56.56232265755534,58.12520468607545,134.1200601309538,1.8854107552518447,0.0009687534114345908,100
419,temperature,LSTM_DENSE_MED_W240_H30,60,0.10440313943174977,0.08478587248687795,0.0037754574394380904,119.94339575991035,122.86987230181694,210.02463810145855,1.9990565959985058,0.002047831205030282,100
419,temperature,LSTM_DENSE_MED_W60_H60,1,0.040247800114113164,0.040247800114113164,0.0018315567041746787,55.69152569398284,57.7461427077651,139.74560238420963,55.69152569398284,0.0009624357117960851,100
419,temperature,LSTM_DENSE_MED_W60_H60,10,0.039936026480066396,0.03455274552749187,0.0015607734052945274,55.11023785918951,57.01145110651851,134.29120182991028,5.511023785918951,0.0009501908517753084,100
419,temperature,LSTM_DENSE_MED_W60_H60,30,0.07513452447742697,0.06625334636098977,0.0029957562969609762,54.3707743473351,56.48810379207134,132.50638358294964,1.81235914491117,0.0009414683965345224,100
419,temperature,LSTM_DENSE_MED_W60_H60,60,0.09814542850320163,0.08462288739855942,0.0037924668020420634,54.16936095803976,55.432889237999916,129.8822946846485,0.902822682633996,0.0009238814872999986,100
419,temperature,LSTM_DENSE_MED_W120_H60,1,0.041193753369034664,0.041193753369034664,0.0018632789171991002,54.72790356725454,56.47307289764285,135.32822020351887,54.72790356725454,0.0009412178816273809,100
419,temperature,LSTM_DENSE_MED_W120_H60,10,0.0388279386939438,0.03303464830118546,0.0014844684865137408,61.108552403748035,61.05294097214937,273.1975521892309,6.1108552403748035,0.0010175490162024896,100
419,temperature,LSTM_DENSE_MED_W120_H60,30,0.056561787809019035,0.04798641107169852,0.0021503845110373587,58.08846300467849,59.582102578133345,146.59690856933594,1.9362821001559496,0.000993035042968889,100
419,temperature,LSTM_DENSE_MED_W120_H60,60,0.09699230609546389,0.08213956435187306,0.0036658634270518966,56.673609260469675,59.333895053714514,140.16791246831417,0.9445601543411613,0.0009888982508952419,100
419,temperature,LSTM_DENSE_MED_W240_H60,1,0.06569097182410978,0.06569097182410978,0.0029719898237780874,57.187738958746195,58.97546485066414,139.27552103996277,57.187738958746195,0.0009829244141777358,100
419,temperature,LSTM_DENSE_MED_W240_H60,10,0.04467649237365949,0.03622238224904671,0.0016288706486383565,57.07360163331032,59.471046924591064,135.6387920677662,5.707360163331032,0.0009911841154098512,100
419,temperature,LSTM_DENSE_MED_W240_H60,30,0.06005935927225167,0.050226555117440654,0.0022486775664135885,57.130761947482824,58.73002130538225,135.08516736328602,1.9043587315827608,0.0009788336884230377,100
419,temperature,LSTM_DENSE_MED_W240_H60,60,0.1003266189237543,0.08299982763810629,0.003695967858573595,56.52352187782526,58.34238110110164,130.19683212041855,0.9420586979637543,0.000972373018351694,100
442,temperature,ARIMA_311,1,0.0027028694053432643,0.0027028694053432643,0.00011464377984725481,1.5842454880475998,1.6433674842119217,2.18871608376503,1.5842454880475998,2.7389458070198693e-05,100
442,temperature,ARIMA_311,10,0.007016784997035586,0.006140329492696611,0.0002600970385629658,1.8204818293452263,1.863785833120346,2.3631006479263306,0.18204818293452263,3.1063097218672434e-05,100
442,temperature,ARIMA_311,30,0.013610355925596975,0.011735091815385137,0.00049690355853055,2.0667210780084133,2.143570315092802,2.421647310256958,0.06889070260028045,3.572617191821337e-05,100
442,temperature,ARIMA_311,60,0.023582883302185817,0.020187954695419327,0.0008549673060208358,2.4444926157593727,2.6277623139321804,2.835353836417198,0.04074154359598955,4.3796038565536336e-05,100
442,temperature,ARIMA_511_FFT,1,0.002662183298801999,0.002662183298801999,0.00011291838150080476,4.317592475563288,4.494414944201708,4.7623272985219955,4.317592475563288,7.490691573669512e-05,100
442,temperature,ARIMA_511_FFT,10,0.007196744956180476,0.006279678434728547,0.00026603190542470745,4.724351800978184,4.94248615577817,5.1885247230529785,0.4724351800978184,8.23747692629695e-05,100
442,temperature,ARIMA_511_FFT,30,0.014918289905857115,0.013053123983586682,0.0005528692486333618,5.098022725433111,5.299007333815098,5.549188703298569,0.16993409084777036,8.831678889691829e-05,100
442,temperature,ARIMA_511_FFT,60,0.023139968269344755,0.02020792061433633,0.0008559205715530214,5.6132664158940315,5.831517186015844,6.127271801233292,0.09355444026490052,9.719195310026407e-05,100
442,temperature,LSTM_DENSE_SMALL_W60_H1,1,0.007534903496517629,0.007534903496517629,0.0003206142659818299,61.42511077225208,64.4570330157876,154.50827218592167,61.42511077225208,0.00107428388359646,100
442,temperature,LSTM_DENSE_SMALL_W60_H1,10,0.011108018790045438,0.010375714949316512,0.0004413610892781844,593.0298404581845,626.8497589975595,783.7708462029696,59.30298404581845,0.01044749598329266,100
442,temperature,LSTM_DENSE_SMALL_W60_H1,30,0.019346673530363793,0.01737786565749516,0.0007388303987330138,1751.9160817749798,1854.162926506251,1983.5504703223705,58.39720272583266,0.030902715441770853,100
442,temperature,LSTM_DENSE_SMALL_W60_H1,60,0.03214927842476459,0.028200803328471875,0.001198623243404502,3497.514039929956,3685.1838869042695,3917.282037436962,58.29190066549927,0.06141973144840449,100
442,temperature,LSTM_DENSE_MED_W60_H1,1,0.0029537161749283313,0.0029537161749283313,0.00012519230587911537,61.10947959125042,62.7720907330513,151.97410434484482,61.10947959125042,0.0010462015122175217,100
442,temperature,LSTM_DENSE_MED_W60_H1,10,0.006680975766487363,0.005834722637896679,0.00024721989322312043,578.3236305229366,585.3047041222453,666.7054630815983,57.83236305229366,0.009755078402037423,100
442,temperature,LSTM_DENSE_MED_W60_H1,30,0.013003207134154976,0.011213722715518596,0.000474942860932019,1661.9753179326653,1723.5815111547709,1899.0193754434586,55.39917726442218,0.028726358519246178,100
442,temperature,LSTM_DENSE_MED_W60_H1,60,0.02332111061405282,0.019883669486264445,0.0008424175069450146,3309.826910980046,3445.8407825790346,3634.7092781215906,55.16378184966743,0.05743067970965057,100
442,temperature,LSTM_DENSE_MED_W120_H1,1,0.0028449013094248698,0.0028449013094248698,0.0001206569294126209,55.52442541345954,57.393542025238276,135.1011861115694,55.52442541345954,0.0009565590337539712,100
442,temperature,LSTM_DENSE_MED_W120_H1,10,0.00830339172441048,0.007234477308935633,0.00030699367976064955,562.0554746687412,585.6575191020966,753.6285687237978,56.20554746687412,0.009760958651701608,100
442,temperature,LSTM_DENSE_MED_W120_H1,30,0.020681165304241945,0.01752776142034401,0.0007436291874457915,1679.2457283847034,1742.7137778140604,1911.128968000412,55.97485761282345,0.02904522963023434,100
442,temperature,LSTM_DENSE_MED_W120_H1,60,0.04492683453516164,0.037517695605582525,0.0015913629551268021,3341.8153221160173,3482.9111540690064,3644.914796575904,55.69692203526696,0.05804851923448344,100
442,temperature,LSTM_DENSE_MED_W240_H1,1,0.002981011742367485,0.002981011742367485,0.00012636606208755094,59.28803622722626,61.30156712606549,144.7219830006361,59.28803622722626,0.0010216927854344248,100
442,temperature,LSTM_DENSE_MED_W240_H1,10,0.006869012571150943,0.006047919377324651,0.0002563898193601386,568.1660987064242,574.3755497038364,646.6081477701664,56.816609870642424,0.009572925828397274,100
442,temperature,LSTM_DENSE_MED_W240_H1,30,0.013665901203281214,0.011760326767560569,0.0004985112414225946,1732.530950512737,1787.249290663749,2098.264444619417,57.7510316837579,0.029787488177729148,100
442,temperature,LSTM_DENSE_MED_W240_H1,60,0.023631526283436222,0.020089693784558146,0.0008522667929417265,3475.765323340893,3634.5577999018133,3785.532930865884,57.92942205568155,0.06057596333169689,100
442,temperature,LSTM_DENSE_MED_W60_H30,1,0.008802434827898083,0.008802434827898083,0.00037509513531508746,54.10453177988529,55.54154273122549,135.28281450271606,54.10453177988529,0.0009256923788537581,100
442,temperature,LSTM_DENSE_MED_W60_H30,10,0.010265520986146885,0.009305604651391013,0.0003958089063513273,53.50144123658538,55.18542192876339,129.55050356686115,5.350144123658538,0.0009197570321460565,100
442,temperature,LSTM_DENSE_MED_W60_H30,30,0.017457155721112533,0.014876728506377286,0.0006309254038931001,59.871787168085575,60.53944295272231,247.76923842728138,1.9957262389361858,0.0010089907158787052,100
442,temperature,LSTM_DENSE_MED_W60_H30,60,0.03162674968383563,0.02595061812308192,0.0010987852364557308,111.61706438288093,114.27046153694391,202.69772969186306,1.8602844063813488,0.0019045076922823985,100
442,temperature,LSTM_DENSE_MED_W120_H30,1,0.011737214440121164,0.011737214440121164,0.0005006105302003566,56.141494773328304,58.40926645323634,138.31312023103237,56.141494773328304,0.0009734877742206057,100
442,temperature,LSTM_DENSE_MED_W120_H30,10,0.012250879100489654,0.010814390737893594,0.0004599572420232483,55.652891993522644,57.74806132540107,134.58087854087353,5.565289199352264,0.0009624676887566846,100
442,temperature,LSTM_DENSE_MED_W120_H30,30,0.02013233368960418,0.017457233436661525,0.0007423093145823709,55.28428306803107,57.394563406705856,134.4596240669489,1.8428094356010358,0.000956576056778431,100
442,temperature,LSTM_DENSE_MED_W120_H30,60,0.03179076816412488,0.026524489633223753,0.0011284923969036786,108.33009764552116,109.88712627440691,186.0695816576481,1.8055016274253528,0.0018314521045734485,100
442,temperature,LSTM_DENSE_MED_W240_H30,1,0.015996715325131135,0.015996715325131135,0.0006826023002127101,63.25859036296606,63.20177502930164,277.0976833999157,63.25859036296606,0.0010533629171550275,100
442,temperature,LSTM_DENSE_MED_W240_H30,10,0.021274659455351865,0.020283617851773014,0.0008647483462829185,59.573292788118124,61.69209573417902,147.5941203534603,5.957329278811812,0.0010282015955696503,100
442,temperature,LSTM_DENSE_MED_W240_H30,30,0.02393086373090194,0.021904817292184565,0.0009315759402019476,58.47348777577281,60.56957682594657,141.09624363481998,1.949116259192427,0.0010094929470991095,100
442,temperature,LSTM_DENSE_MED_W240_H30,60,0.03375278599595681,0.030109950353952964,0.0012785173484750184,114.79906739667058,116.71825107187033,195.82076743245125,1.9133177899445097,0.0019453041845311722,100
442,temperature,LSTM_DENSE_MED_W60_H60,1,0.01403644463421287,0.01403644463421287,0.0005985807235419277,54.315317273139954,56.587023474276066,133.11912678182125,54.315317273139954,0.0009431170579046011,100
442,temperature,LSTM_DENSE_MED_W60_H60,10,0.021493876833655584,0.019741097311451048,0.0008405371263120302,54.048161674290895,55.284238792955875,132.70867057144642,5.4048161674290895,0.0009214039798825979,100
442,temperature,LSTM_DENSE_MED_W60_H60,30,0.02647763561412293,0.02381420674932397,0.001011209234242456,53.68912149220705,55.27384877204895,129.4829472899437,1.7896373830735683,0.0009212308128674825,100
442,temperature,LSTM_DENSE_MED_W60_H60,60,0.03741040902772603,0.0332326720314648,0.001409471082535937,59.89323182031512,59.63640045374632,357.26224817335606,0.9982205303385854,0.0009939400075624385,100
442,temperature,LSTM_DENSE_MED_W120_H60,1,0.045336089867367306,0.045336089867367306,0.0019247061007774812,56.67632067576051,58.20207986980677,140.7746635377407,56.67632067576051,0.0009700346644967794,100
442,temperature,LSTM_DENSE_MED_W120_H60,10,0.039852294836217814,0.038484583212401176,0.0016354751206920403,56.14316698163748,58.67290757596493,138.1807941943407,5.614316698163748,0.0009778817929327486,100
442,temperature,LSTM_DENSE_MED_W120_H60,30,0.03288810696889372,0.029778904289951016,0.0012641011072489405,55.31785937026143,57.29744238778949,133.21053981781006,1.843928645675381,0.0009549573731298248,100
442,temperature,LSTM_DENSE_MED_W120_H60,60,0.03185293498739728,0.027959286651878097,0.0011860535126343797,54.79735732078552,56.67764339596033,141.7076513171196,0.9132892886797587,0.0009446273899326723,100
442,temperature,LSTM_DENSE_MED_W240_H60,1,0.01743809894126045,0.01743809894126045,0.0007439785796643554,56.417901050299406,57.68084591254592,133.8560041040182,56.417901050299406,0.0009613474318757654,100
442,temperature,LSTM_DENSE_MED_W240_H60,10,0.017265678799443095,0.015387916410574985,0.0006550076923232935,56.06656102463603,57.45773920789361,129.92562167346478,5.606656102463603,0.0009576289867982269,100
442,temperature,LSTM_DENSE_MED_W240_H60,30,0.0186221467113437,0.015875353621428712,0.000674224777078556,62.485249042510986,62.30937698855996,364.0212379395962,2.082841634750366,0.0010384896164759995,100
442,temperature,LSTM_DENSE_MED_W240_H60,60,0.026036076535008053,0.0220990715025077,0.0009380614449129694,59.46317018941045,61.896584648638964,145.36524005234241,0.9910528364901742,0.0010316097441439827,100
510,temperature,ARIMA_311,1,0.003172514951705345,0.003172514951705345,0.00013694944029651215,1.6306662932038307,1.6997341997921465,2.0550042390823364,1.6306662932038307,2.8328903329869108e-05,100
510,temperature,ARIMA_311,10,0.011594868632356023,0.010184326658311338,0.00043746549415182764,1.8735096789896488,2.0598025992512703,2.295851707458496,0.18735096789896488,3.433004332085451e-05,100
510,temperature,ARIMA_311,30,0.031681531000905844,0.026028413268757947,0.0010962764169480175,2.1040122397243977,2.168759610503912,2.4657417088747025,0.07013374132414658,3.614599350839853e-05,100
510,temperature,ARIMA_311,60,0.08272741935641711,0.06713640038401414,0.002794665570603733,2.473786883056164,2.6714120991528034,2.8936509042978287,0.041229781384269394,4.452353498588005e-05,100
510,temperature,ARIMA_511_FFT,1,0.0028736942475561735,0.0028736942475561735,0.0001243466559800838,4.386072531342506,4.517440404742956,9.8658949136734,4.386072531342506,7.529067341238261e-05,100
510,temperature,ARIMA_511_FFT,10,0.009856039250983942,0.008599138240616332,0.0003666486725129398,4.744683261960745,4.853236954659224,5.177384242415428,0.4744683261960745,8.088728257765373e-05,100
510,temperature,ARIMA_511_FFT,30,0.025211826097739046,0.02067175215739585,0.0008690427587808769,5.130568537861109,5.45499362051487,5.567941814661026,0.17101895126203695,9.091656034191449e-05,100
510,temperature,ARIMA_511_FFT,60,0.0644176731666816,0.05242026554119567,0.0021952397357349624,5.666176341474056,5.993341002613306,6.093118339776993,0.09443627235790093,9.988901671022177e-05,100
510,temperature,LSTM_DENSE_SMALL_W60_H1,1,0.009256283736506674,0.009256283736506674,0.0003884840914723678,59.32197395712137,62.164943758398294,154.72033619880676,59.32197395712137,0.001036082395973305,100
510,temperature,LSTM_DENSE_SMALL_W60_H1,10,0.01605055971097363,0.01494730595951621,0.0006281230771812806,600.2231326326728,635.2436996996403,816.8809656053782,60.02231326326728,0.010587394994994004,100
510,temperature,LSTM_DENSE_SMALL_W60_H1,30,0.04215203248332266,0.03621595981000944,0.0015245391583721024,1764.435603134334,1866.483915783465,1998.247716575861,58.8145201044778,0.03110806526305775,100
510,temperature,LSTM_DENSE_SMALL_W60_H1,60,0.102231508566389,0.08435659530797528,0.0035380106792435202,3527.34816795215,3699.759100191295,3860.0397016853094,58.78913613253584,0.06166265166985492,100
510,temperature,LSTM_DENSE_MED_W60_H1,1,0.003638112923148782,0.003638112923148782,0.00015709867627667492,58.64946825429797,60.56398116052151,143.53425055742264,58.64946825429797,0.0010093996860086917,100
510,temperature,LSTM_DENSE_MED_W60_H1,10,0.009475276575091854,0.008237764133634225,0.00034885868826673805,558.5231720656157,577.637086622417,783.0656487494707,55.852317206561565,0.009627284777040283,100
510,temperature,LSTM_DENSE_MED_W60_H1,30,0.02396294974214749,0.019886106405491856,0.0008409821250906533,1645.9338331222534,1700.292848329991,1903.8622081279755,54.86446110407511,0.028338214138833185,100
510,temperature,LSTM_DENSE_MED_W60_H1,60,0.058097395587150664,0.04728751725120518,0.001979629671726787,3290.989862103015,3415.47212600708,3614.515198394656,54.84983103505025,0.056924535433451336,100
510,temperature,LSTM_DENSE_MED_W120_H1,1,0.0045117566711143555,0.0045117566711143555,0.00019187038631364006,54.922819174826145,56.402537971735,135.87932288646698,54.922819174826145,0.0009400422995289166,100
510,temperature,LSTM_DENSE_MED_W120_H1,10,0.009877946688144193,0.008693756376585161,0.00036455974290127064,563.1784125603735,582.0355423726141,676.0083176195621,56.317841256037354,0.009700592372876902,100
510,temperature,LSTM_DENSE_MED_W120_H1,30,0.027286896897315643,0.022709088192864418,0.0009567896103567137,1683.6198873445392,1754.989227373153,1923.683950677514,56.12066291148464,0.029249820456219214,100
510,temperature,LSTM_DENSE_MED_W120_H1,60,0.06914475943901063,0.055376679445615966,0.0022976677178587267,3355.029748249799,3506.4567944966257,3666.876219213009,55.917162470829986,0.05844094657494377,100
510,temperature,LSTM_DENSE_MED_W240_H1,1,0.004291070898096407,0.004291070898096407,0.00018374298860210307,57.83245421946049,60.087910294532776,140.20385220646858,57.83245421946049,0.0010014651715755463,100
510,temperature,LSTM_DENSE_MED_W240_H1,10,0.009485442995319608,0.008302484262011536,0.0003504626716144068,575.3662911616266,600.5224491469562,809.9886532872915,57.53662911616266,0.010008707485782604,100
510,temperature,LSTM_DENSE_MED_W240_H1,30,0.02589540961099118,0.02160001935484722,0.0009151560040328696,1723.1103987805545,1776.7330161295831,1939.447794109583,57.43701329268515,0.02961221693549305,100
510,temperature,LSTM_DENSE_MED_W240_H1,60,0.06136745605283127,0.049527565544324054,0.002084356255425154,3451.9607325457036,3558.846174646169,3729.9826070666313,57.532678875761725,0.05931410291076948,100
510,temperature,LSTM_DENSE_MED_W60_H30,1,0.00820727084144295,0.00820727084144295,0.00033607918319759303,59.66197516769171,60.55604079738259,235.0032515823841,59.66197516769171,0.0010092673466230433,100
510,temperature,LSTM_DENSE_MED_W60_H30,10,0.014267143337819975,0.012476366409527049,0.0005147264128009154,57.06508794799447,58.86000916361809,144.4254368543625,5.706508794799447,0.0009810001527269681,100
510,temperature,LSTM_DENSE_MED_W60_H30,30,0.03498857029306429,0.029871492025960785,0.0012468771176855741,56.291225124150515,58.45409194007516,140.60219563543797,1.8763741708050172,0.0009742348656679192,100
510,temperature,LSTM_DENSE_MED_W60_H30,60,0.07717545189292568,0.06393643959603836,0.0026464869143908963,110.32524159178138,112.40086033940315,188.66220489144325,1.8387540265296896,0.0018733476723233858,100
510,temperature,LSTM_DENSE_MED_W120_H30,1,0.014567883213638808,0.014567883213638808,0.0006219749312987,55.6384757719934,57.59394085034728,135.22043265402317,55.6384757719934,0.0009598990141724547,100
510,temperature,LSTM_DENSE_MED_W120_H30,10,0.019794186396630543,0.017804165981894347,0.0007474327704068305,55.0891874730587,56.28606788814068,129.97154332697392,5.50891874730587,0.0009381011314690113,100
510,temperature,LSTM_DENSE_MED_W120_H30,30,0.04122116255718409,0.03522002365460872,0.001474631020091579,55.00873126089573,57.59521685540676,130.94214908778667,1.833624375363191,0.000959920280923446,100
510,temperature,LSTM_DENSE_MED_W120_H30,60,0.08678227109511233,0.07179273615333265,0.002988738314229011,118.69966251775622,118.78998652100563,423.30607399344444,1.9783277086292703,0.001979833108683427,100
510,temperature,LSTM_DENSE_MED_W240_H30,1,0.007170020969986552,0.007170020969986552,0.00030128492262137424,58.52343546226621,60.36284947767854,141.2058174610138,58.52343546226621,0.0010060474912946423,100
510,temperature,LSTM_DENSE_MED_W240_H30,10,0.016249509482851903,0.014135618109477112,0.0005800554728009009,58.114655427634716,60.14430541545153,137.46893592178822,5.811465542763472,0.0010024050902575255,100
510,temperature,LSTM_DENSE_MED_W240_H30,30,0.036793406086474,0.031471754626586565,0.0013087532417353834,57.59906392544508,59.182531014084816,137.62139156460762,1.919968797514836,0.0009863755169014137,100
510,temperature,LSTM_DENSE_MED_W240_H30,60,0.07849638212542627,0.06497168173725609,0.0026873096666022046,112.5131007283926,115.08398111909628,188.986262306571,1.87521834547321,0.001918066351984938,100
510,temperature,LSTM_DENSE_MED_W60_H60,1,0.023270745762467227,0.023270745762467227,0.0010147203045380725,53.9655183814466,55.29272360727191,130.84225170314312,53.9655183814466,0.0009215453934545318,100
510,temperature,LSTM_DENSE_MED_W60_H60,10,0.02660753007756933,0.024860366170686005,0.0010729467223517509,58.201799262315035,59.94033496826887,144.1051810979843,5.8201799262315035,0.0009990055828044812,100
510,temperature,LSTM_DENSE_MED_W60_H60,30,0.03767344139875041,0.0329568756863649,0.0014106808531807772,56.91570434719324,58.888281881809235,142.2086525708437,1.8971901449064414,0.0009814713646968205,100
510,temperature,LSTM_DENSE_MED_W60_H60,60,0.07076640928220065,0.05944608127207289,0.0024884415030570484,55.87274303659797,57.71296638995409,139.12071660161018,0.9312123839432994,0.0009618827731659015,100
510,temperature,LSTM_DENSE_MED_W120_H60,1,0.024309846838037573,0.024309846838037573,0.0010020837476856874,55.92613300308585,58.09908714145422,140.27978293597698,55.92613300308585,0.000968318119024237,100
510,temperature,LSTM_DENSE_MED_W120_H60,10,0.027447123861369542,0.024876837805427095,0.0010228640437375284,55.35827998071909,56.27689603716135,134.36956889927387,5.535827998071909,0.0009379482672860225,100
510,temperature,LSTM_DENSE_MED_W120_H60,30,0.04521572661543221,0.03927833644520945,0.001645521409898482,54.81639266014099,56.26565171405673,131.54462352395058,1.8272130886713664,0.0009377608619009455,100
510,temperature,LSTM_DENSE_MED_W120_H60,60,0.08751983419288971,0.07403774872339151,0.0030961114689963083,54.84371645376086,56.36248616501689,130.09673729538918,0.9140619408960143,0.0009393747694169482,100
510,temperature,LSTM_DENSE_MED_W240_H60,1,0.02146685647141986,0.02146685647141986,0.0009045803111204123,60.855700466781855,62.32871292158961,147.67769910395145,60.855700466781855,0.0010388118820264935,100
510,temperature,LSTM_DENSE_MED_W240_H60,10,0.03013563208097692,0.027538134523559334,0.0011284481980967452,59.07717635855079,60.6674125418067,146.7313300818205,5.907717635855079,0.001011123542363445,100
510,temperature,LSTM_DENSE_MED_W240_H60,30,0.04694410884491533,0.04154970481661917,0.0017052523824919253,58.176955841481686,60.484615340828896,139.79247212409973,1.9392318613827229,0.0010080769223471482,100
510,temperature,LSTM_DENSE_MED_W240_H60,60,0.07964628976528713,0.06906824776381085,0.002845274061976587,57.274919878691435,60.0159983150661,135.02459414303303,0.9545819979781905,0.001000266638584435,100
621,temperature,ARIMA_311,1,0.0030244450734474527,0.0030244450734474527,0.00011833893971829084,1.6239445842802525,1.714863907545805,2.304207533597946,1.6239445842802525,2.8581065125763418e-05,100
621,temperature,ARIMA_311,10,0.01062437326521559,0.009336716330553874,0.00036487167632031205,1.840038187801838,1.9095473922789097,2.1059587597846985,0.1840038187801838,3.182578987131516e-05,100
621,temperature,ARIMA_311,30,0.028056077786375807,0.02355769970968277,0.0009203691815149275,2.0850621163845062,2.1905663423240185,2.501588314771652,0.06950207054615021,3.6509439038733644e-05,100
621,temperature,ARIMA_311,60,0.05543537406798785,0.04613446659861514,0.0018018061044845007,2.462372165173292,2.561113703995943,2.843739464879036,0.04103953608622154,4.2685228399932385e-05,100
621,temperature,ARIMA_511_FFT,1,0.003013351563983946,0.003013351563983946,0.0001178238711398581,4.337362237274647,4.497027397155762,4.793345928192139,4.337362237274647,7.49504566192627e-05,100
621,temperature,ARIMA_511_FFT,10,0.01006590432525245,0.008860621630873389,0.0003458432874979603,4.756892826408148,5.06617221981287,5.136318504810333,0.4756892826408148,8.443620366354783e-05,100
621,temperature,ARIMA_511_FFT,30,0.024483230353908102,0.020349305195094064,0.0007942521610110625,5.173807628452778,5.374086741358042,6.371708586812019,0.17246025428175926,8.956811235596736e-05,100
621,temperature,ARIMA_511_FFT,60,0.05294603919002859,0.044319733936057266,0.0017295904374969601,5.686165541410446,5.87764848023653,6.345648318529129,0.0947694256901741,9.796080800394217e-05,100
621,temperature,LSTM_DENSE_SMALL_W60_H1,1,0.008917211132627684,0.008917211132627684,0.0003460611126204891,63.82408717647195,66.5872948244214,158.5406567901373,63.82408717647195,0.0011097882470736903,100
621,temperature,LSTM_DENSE_SMALL_W60_H1,10,0.014918505709583647,0.013789580538022676,0.0005366360863142848,591.978217381984,603.0231888405979,698.8500747829676,59.1978217381984,0.010050386480676632,100
621,temperature,LSTM_DENSE_SMALL_W60_H1,30,0.031510341199734,0.027287373942021697,0.001063815133661716,1801.88804699108,1907.961058150977,2096.517000347376,60.06293489970267,0.031799350969182946,100
621,temperature,LSTM_DENSE_SMALL_W60_H1,60,0.06298356588301476,0.052863441929399964,0.002065200496076764,3603.4572262503207,3811.107939016074,4019.1160310059786,60.05762043750534,0.0635184656502679,100
621,temperature,LSTM_DENSE_MED_W60_H1,1,0.0034725174828732007,0.0034725174828732007,0.0001356029720337934,58.14524890854955,61.10745035111904,145.13137191534042,58.14524890854955,0.0010184575058519842,100
621,temperature,LSTM_DENSE_MED_W60_H1,10,0.011084664304479932,0.009744356171543504,0.0003797155488387681,599.4375724717975,634.1350418515503,852.2261120378971,59.94375724717975,0.010568917364192505,100
621,temperature,LSTM_DENSE_MED_W60_H1,30,0.027892406732903025,0.022945607987256374,0.000895294954712308,1679.1221193410456,1791.833164356649,1921.855004504323,55.97073731136819,0.029863886072610816,100
621,temperature,LSTM_DENSE_MED_W60_H1,60,0.06650611198882808,0.05436433720790977,0.0021236118519889257,3297.0920651964843,3410.102698672563,3595.324447378516,54.9515344199414,0.056835044977876045,100
621,temperature,LSTM_DENSE_MED_W120_H1,1,0.003892882880008628,0.003892882880008628,0.00015184675026088418,57.00878117233515,58.598362281918526,143.57261545956135,57.00878117233515,0.0009766393713653088,100
621,temperature,LSTM_DENSE_MED_W120_H1,10,0.011254903384990555,0.010011928241116162,0.00039035841983704994,550.2434717305005,556.0345025733113,631.7695584148169,55.024347173050046,0.00926724170955519,100
621,temperature,LSTM_DENSE_MED_W120_H1,30,0.028793216487243485,0.023704075246103917,0.0009261212500711498,1685.1372889243066,1735.1599565707147,2018.592020496726,56.17124296414355,0.028919332609511912,100
621,temperature,LSTM_DENSE_MED_W120_H1,60,0.06881830625374373,0.056227480509564554,0.0022006042697140025,3362.2549951076508,3460.983421187848,3626.100916415453,56.03758325179418,0.057683057019797465,100
621,temperature,LSTM_DENSE_MED_W240_H1,1,0.0032865456505978587,0.0032865456505978587,0.00012839867610184766,57.080852556973696,59.00947852060199,136.89722307026386,57.080852556973696,0.0009834913086766998,100
621,temperature,LSTM_DENSE_MED_W240_H1,10,0.010764047040852156,0.009472665891669582,0.00036903712260272676,581.1956557258964,599.6495825238526,773.2766233384609,58.119565572589636,0.009994159708730877,100
621,temperature,LSTM_DENSE_MED_W240_H1,30,0.026179595038410827,0.02158255922447031,0.0008407944416646422,1731.0433526337147,1787.8985612653196,1945.1244194060564,57.70144508779049,0.029798309354421994,100
621,temperature,LSTM_DENSE_MED_W240_H1,60,0.06132887635905807,0.050408670932203616,0.0019643882403733797,3457.9885414987803,3617.7196155302227,3748.318526893854,57.633142358313,0.060295326925503705,100
621,temperature,LSTM_DENSE_MED_W60_H30,1,0.02104362576108997,0.02104362576108997,0.0008085135666397021,55.810094587504864,58.1211119890213,140.69568552076817,55.810094587504864,0.0009686851998170216,100
621,temperature,LSTM_DENSE_MED_W60_H30,10,0.02373502471903545,0.021271937635194926,0.0008226230437791923,55.10291386395693,57.00736865401268,138.01497034728527,5.510291386395693,0.0009501228109002113,100
621,temperature,LSTM_DENSE_MED_W60_H30,30,0.03264762512211901,0.02787466642222963,0.0010840400172090472,54.40536553040147,56.586035154759884,133.5827112197876,1.8135121843467157,0.0009431005859126647,100
621,temperature,LSTM_DENSE_MED_W60_H30,60,0.05733420747830669,0.04808276460022468,0.0018731329235271161,107.12684778496623,109.94646912440658,184.7213041037321,1.7854474630827706,0.0018324411520734428,100
621,temperature,LSTM_DENSE_MED_W120_H30,1,0.014850910838734138,0.014850910838734138,0.0005773851189113373,54.966197330504656,56.48183040320873,132.7678356319666,54.966197330504656,0.0009413638400534789,100
621,temperature,LSTM_DENSE_MED_W120_H30,10,0.016667600120078886,0.01480077334299504,0.0005787885875814052,60.363213047385216,59.85649051144719,361.81481182575226,6.036321304738522,0.0009976081751907864,100
621,temperature,LSTM_DENSE_MED_W120_H30,30,0.02966199183941533,0.025077434235342304,0.0009777479766248215,56.53399456292391,58.11209101229906,139.25141468644142,1.8844664854307969,0.0009685348502049844,100
621,temperature,LSTM_DENSE_MED_W120_H30,60,0.06024780252936924,0.05007295485952826,0.0019518025569863018,111.72521974891424,114.03312981128693,193.97295266389847,1.8620869958152373,0.0019005521635214488,100
621,temperature,LSTM_DENSE_MED_W240_H30,1,0.0071161553631411325,0.0071161553631411325,0.00027727919863464135,57.95882282778621,59.509488474577665,136.87844388186932,57.95882282778621,0.0009918248079096277,100
621,temperature,LSTM_DENSE_MED_W240_H30,10,0.014437130646917302,0.012583428263275189,0.0004903977847289128,56.906713880598545,59.06197028234601,132.11175054311752,5.6906713880598545,0.0009843661713724336,100
621,temperature,LSTM_DENSE_MED_W240_H30,30,0.027672397427442125,0.023443521616463663,0.0009134324461645962,56.835287399590015,58.70405733585358,134.28165949881077,1.8945095799863338,0.0009784009555975596,100
621,temperature,LSTM_DENSE_MED_W240_H30,60,0.056163490617362984,0.04677340949861631,0.0018232029541118094,118.62654162570834,123.9946162328124,333.97531136870384,1.977109027095139,0.0020665769372135404,100
621,temperature,LSTM_DENSE_MED_W60_H60,1,0.008362587802771486,0.008362587802771486,0.00032700710752735305,56.90328408032656,58.92634727060795,144.1114116460085,56.90328408032656,0.0009821057878434659,100
621,temperature,LSTM_DENSE_MED_W60_H60,10,0.019307745901064134,0.016587259302205937,0.0006468584275172703,55.64186926931143,57.360350620001554,139.59062099456787,5.564186926931143,0.0009560058436666926,100
621,temperature,LSTM_DENSE_MED_W60_H60,30,0.032814478444806394,0.028042886907605633,0.0010944874262602978,55.18698822706938,57.110954541713,135.41257195174694,1.839566274235646,0.0009518492423618833,100
621,temperature,LSTM_DENSE_MED_W60_H60,60,0.06071348032944677,0.051777969258928545,0.0020217683176118203,54.1702183522284,55.33610684797168,132.8125111758709,0.90283697253714,0.0009222684474661946,100
621,temperature,LSTM_DENSE_MED_W120_H60,1,0.01801576656457165,0.01801576656457165,0.0006997410088761879,54.762555081397295,56.653490755707026,133.43254290521145,54.762555081397295,0.0009442248459284505,100
621,temperature,LSTM_DENSE_MED_W120_H60,10,0.01925017698919024,0.016845500092406422,0.0006561292928555387,54.451139736920595,56.145341135561466,129.7401562333107,5.4451139736920595,0.0009357556855926912,100
621,temperature,LSTM_DENSE_MED_W120_H60,30,0.03480782481528642,0.029681498122327156,0.00115854728886261,58.58099790289998,60.38715960457921,144.0735049545765,1.952699930096666,0.0010064526600763201,100
621,temperature,LSTM_DENSE_MED_W120_H60,60,0.06752839758963751,0.05755346389096488,0.0022469260668551193,57.4260813370347,59.27623137831688,145.679896697402,0.9571013556172451,0.0009879371896386146,100
621,temperature,LSTM_DENSE_MED_W240_H60,1,0.019966152681292825,0.019966152681292825,0.0007737542807057864,58.003516253083944,59.99939553439617,139.53711837530136,58.003516253083944,0.0009999899255732695,100
621,temperature,LSTM_DENSE_MED_W240_H60,10,0.02522395055836278,0.023373836815929576,0.0009058612965450713,57.51976113766432,59.41695552319288,134.64060984551907,5.751976113766432,0.0009902825920532147,100
621,temperature,LSTM_DENSE_MED_W240_H60,30,0.034790159437537556,0.03026426971692821,0.0011769182504410324,57.037242259830236,58.74877907335758,136.09345816075802,1.9012414086610079,0.000979146317889293,100
621,temperature,LSTM_DENSE_MED_W240_H60,60,0.057394416136528896,0.048486854740092386,0.0018894263462123418,56.74019003286958,58.47734436392784,134.74392518401146,0.9456698338811597,0.000974622406065464,100
