room,metric,model,H,rmse,mae,smape,lat_update_mean_ms,lat_update_p95_ms,lat_update_max_ms,lat_pred_mean_ms,lat_pred_p95_ms,lat_pred_max_ms,lat_total_mean_ms,lat_total_p95_ms,lat_total_max_ms,lat_per_step_ms,feas_p95_ratio,n_origins
413,temperature,ARIMA_311,1,0.0027519575991600933,0.0027519575991600933,0.0001144212199098732,33.37908763852384,35.16118712723255,35.401275381445885,1.678244314259953,1.81826651096344,1.8274188041687012,35.0573319527838,36.75781115889549,37.002772092819214,35.0573319527838,0.0006126301859815916,9
413,temperature,ARIMA_311,10,0.007438534262557105,0.006401900152463079,0.00026552295660957467,33.75282593899303,36.38327941298485,36.85193508863449,1.8435242689318128,1.9464213401079178,1.9873175770044327,35.59635020792484,38.188592717051506,38.64150308072567,3.5596350207924843,0.0006364765452841918,9
413,temperature,ARIMA_311,30,0.01418193907422835,0.012060390042470615,0.0005051847201076879,33.18509190446801,35.518764331936836,35.622233524918556,2.1035675373342304,2.2133465856313705,2.2207554429769516,35.28865944180224,37.572673335671425,37.69645281136036,1.1762886480600747,0.0006262112222611904,9
413,temperature,ARIMA_311,60,0.056421036442813786,0.04728278301793691,0.0019548255664967097,33.39453041553497,36.05869300663471,36.20046190917492,2.4668359094195895,2.544286474585533,2.5638286024332047,35.86136632495456,38.551000505685806,38.67765888571739,0.5976894387492426,0.0006425166750947635,9
413,temperature,ARIMA_511_FFT,1,0.002637920029264507,0.002637920029264507,0.00010954021734496859,76.64199794332187,82.61920735239983,84.15320888161659,4.393285761276881,4.781671240925789,4.914985969662666,81.03528370459874,86.89607679843903,88.39933201670647,81.03528370459874,0.0014482679466406505,9
413,temperature,ARIMA_511_FFT,10,0.007515186247619052,0.006446728940033282,0.00026684331225535504,78.09353950950835,85.38711071014404,85.6555812060833,4.7089699655771255,4.9660541117191315,5.113847553730011,82.80250947508547,90.04168324172497,90.26320092380047,8.280250947508547,0.0015006947206954162,9
413,temperature,ARIMA_511_FFT,30,0.014301201876367731,0.012341519394011312,0.0005138417874954696,77.2935427311394,83.13470892608166,83.37980695068836,5.255134983195199,5.464953929185867,5.530115216970444,82.54867771433459,88.41485418379307,88.69040943682194,2.7516225904778198,0.0014735809030632177,9
413,temperature,ARIMA_511_FFT,60,0.04539926923753561,0.03880763690093893,0.001603615730723348,77.6374778813786,87.18254156410694,89.84697051346302,5.664182619916068,5.899250507354736,5.949392914772034,83.30166050129466,92.86486990749836,95.57714872062206,1.388361008354911,0.0015477478317916392,9
413,temperature,LSTM_DENSE_SMALL_W60_H1,1,0.004953887939453239,0.004953887939453239,0.00020669503040714825,0.3401225225792991,0.3524474799633026,0.3545023500919342,55.63096267481645,56.98106437921524,57.0523738861084,55.97108519739575,57.318271324038506,57.39317275583744,55.97108519739575,0.0009553045220673085,9
413,temperature,LSTM_DENSE_SMALL_W60_H1,10,0.009102330549467512,0.008529895227605628,0.0003543434766432248,0.3603026270866394,0.3994155675172806,0.40185265243053436,535.97284708586,542.5837676972151,543.761732056737,536.3331497129467,542.9328709840775,544.1061072051525,53.633314971294666,0.009048881183067958,9
413,temperature,LSTM_DENSE_SMALL_W60_H1,30,0.03592678968726878,0.03235849552347204,0.0013371508910723611,0.35949113468329114,0.3925025463104248,0.40141865611076355,1628.0244396378596,1635.334350913763,1635.5020068585873,1628.383930772543,1635.709909722209,1635.8751859515905,54.27946435908476,0.027261831828703485,9
413,temperature,LSTM_DENSE_SMALL_W60_H1,60,0.08779177767470828,0.07461224438267895,0.0030870111050035147,0.3584236320522096,0.3816366195678711,0.39312615990638733,3316.7899476571215,3427.5771990418434,3499.03080239892,3317.1483712891736,3427.927605062723,3499.379813671112,55.2858061881529,0.057132126751045384,9
413,temperature,LSTM_DENSE_SMALL_W60_H30,1,0.012208002726237765,0.012208002726237765,0.0004978839227848277,0.3449086927705341,0.35421960055828094,0.3552529960870743,54.40097695423497,54.75466176867485,54.88799139857292,54.74588564700551,55.101051181554794,55.24003878235817,54.74588564700551,0.0009183508530259133,9
413,temperature,LSTM_DENSE_SMALL_W60_H30,10,0.011169897354194509,0.009840852055405129,0.00040201620267581693,0.352191428343455,0.39170607924461365,0.417221337556839,53.78704538775815,54.90349307656288,55.01959100365639,54.1392368161016,55.24736009538174,55.369285866618156,5.41392368161016,0.000920789334923029,9
413,temperature,LSTM_DENSE_SMALL_W60_H30,30,0.029401688643913217,0.02620204453131164,0.0010643975917898785,0.3415122628211975,0.35276859998703003,0.35346299409866333,53.28550334605906,54.08608429133892,54.17178384959698,53.62701560888026,54.436277225613594,54.51979674398899,1.7875671869626752,0.0009072712870935599,9
413,temperature,LSTM_DENSE_SMALL_W60_H30,60,0.07356318319028028,0.06345140102656198,0.002594159138289886,0.3432374861505296,0.36090612411499023,0.3642924129962921,106.60673677921295,108.0167356878519,108.05831290781498,106.94997426536348,108.35218839347363,108.39647613465786,1.7824995710893914,0.001805869806557894,9
413,temperature,LSTM_DENSE_SMALL_W60_H60,1,0.016046826680500458,0.016046826680500458,0.0006484169564627948,0.3773152000374264,0.5515169352293013,0.6820652633905411,52.94414837327268,54.16144020855427,54.42844517529011,53.32146357331011,54.630640894174576,54.75573614239693,53.32146357331011,0.0009105106815695763,9
413,temperature,LSTM_DENSE_SMALL_W60_H60,10,0.018414080320355318,0.01651234838312309,0.0006674212446239198,0.3409460186958313,0.3650214523077011,0.36589615046977997,53.5732035835584,54.40276712179184,54.49747294187546,53.914149602254234,54.741448163986206,54.83398213982582,5.391414960225424,0.0009123574693997701,9
413,temperature,LSTM_DENSE_SMALL_W60_H60,30,0.046787480088178006,0.041800451259420356,0.0017111155278393658,0.3410913050174713,0.35076066851615906,0.35263970494270325,54.21331276496252,54.59003858268261,54.73628081381321,54.55440406997999,54.92700710892677,55.06622791290283,1.8184801356659996,0.0009154501184821128,9
413,temperature,LSTM_DENSE_SMALL_W60_H60,60,0.0876144844486825,0.07626685705859239,0.00313178818400367,0.34333206713199615,0.3720555454492569,0.3802832216024399,53.7302206373877,55.88615797460079,57.14510567486286,54.0735527045197,56.23801238834858,57.504819706082344,0.9012258784086616,0.0009373002064724763,9
413,temperature,LSTM_DENSE_MED_W60_H1,1,0.002561688741049295,0.002561688741049295,0.00010711716889284541,0.34823744661278194,0.3688246011734009,0.36916881799697876,56.256510731246735,58.142123743891716,58.24262835085392,56.60474817785952,58.500804007053375,58.594316244125366,56.60474817785952,0.0009750134001175562,9
413,temperature,LSTM_DENSE_MED_W60_H1,10,0.0060125316650858135,0.004998722284490249,0.000207589282055586,0.3511640760633681,0.3689087927341461,0.37491321563720703,546.0221067898804,551.1684250086546,552.7180638164282,546.3732708659437,551.5106648206711,553.0520156025887,54.63732708659437,0.009191844413677852,9
413,temperature,LSTM_DENSE_MED_W60_H1,30,0.017045671969557037,0.014858251213304866,0.0006070180336833063,0.37222210731771255,0.4343107342720032,0.44211745262145996,1643.393686455157,1648.8723114132881,1649.9890685081482,1643.7659085624748,1649.2511790245771,1650.388365611434,54.79219695208249,0.02748751965040962,9
413,temperature,LSTM_DENSE_MED_W60_H1,60,0.06543327048487965,0.05594006158462682,0.002287412709562752,0.3734108888440662,0.40663890540599823,0.409616157412529,3286.732595620884,3303.105252981186,3304.715823382139,3287.106006509728,3303.463852778077,3305.0683233886957,54.78510010849547,0.05505773087963462,9
413,temperature,LSTM_DENSE_MED_W120_H1,1,0.002615074157715469,0.002615074157715469,0.0001089515736590852,0.3413599398401048,0.3509689122438431,0.3525000065565109,55.452417996194626,56.571779027581215,57.10904859006405,55.79377793603473,56.90655931830406,57.44464695453644,55.79377793603473,0.0009484426553050677,9
413,temperature,LSTM_DENSE_MED_W120_H1,10,0.005827168269667387,0.004888361058090674,0.00020197672985156493,0.34393639200263554,0.35494938492774963,0.3549531102180481,576.8415689882305,583.6258672177792,584.6647135913372,577.1855053802332,583.9767880737782,585.0129462778568,57.718550538023315,0.009732946467896303,9
413,temperature,LSTM_DENSE_MED_W120_H1,30,0.017925927083325667,0.015535371082960919,0.0006393951536154064,0.352142999569575,0.3642778843641281,0.3646630793809891,1685.826583041085,1696.3260401040316,1699.858045205474,1686.1787260406547,1696.686800941825,1700.2168465405703,56.205957534688494,0.028278113349030416,9
413,temperature,LSTM_DENSE_MED_W120_H1,60,0.06555718220659067,0.05575383483424336,0.0022875627924039844,0.35446654591295457,0.3739532083272934,0.38185156881809235,3363.1153566141925,3374.441545829177,3376.387195661664,3363.469823160105,3374.789923429489,3376.743070781231,56.057830386001754,0.05624649872382482,9
413,temperature,LSTM_DENSE_MED_W240_H1,1,0.002358060201009238,0.002358060201009238,9.835398101737329e-05,0.34117822845776874,0.35242214798927307,0.35515427589416504,56.979398760530685,58.69716666638851,59.66806225478649,57.32057698898845,59.03754532337189,60.00620499253273,57.32057698898845,0.0009839590887228647,9
413,temperature,LSTM_DENSE_MED_W240_H1,10,0.005696182246132403,0.00474023941502427,0.00019633706653126825,0.35039956370989483,0.37152357399463654,0.3765057772397995,608.3896656831106,706.5967384725809,771.9418425112963,608.7400652468204,706.9420173764229,772.2824402153492,60.874006524682045,0.011782366956273715,9
413,temperature,LSTM_DENSE_MED_W240_H1,30,0.01807157486345104,0.015654321312181772,0.0006391846684476712,0.3492002271943622,0.36110132932662964,0.3618486225605011,1755.7732684330808,1767.061274126172,1773.1580566614866,1756.1224686602752,1767.4128204584122,1773.517057299614,58.53741562200917,0.029456880340973535,9
413,temperature,LSTM_DENSE_MED_W240_H1,60,0.06931681491303178,0.05930226022354286,0.0024287154418049916,0.3563867261012395,0.3930974751710892,0.4033241420984268,3470.329831664761,3479.925314709544,3480.002885684371,3470.686218390862,3480.2674051374197,3480.33712990582,57.84477030651437,0.05800445675229033,9
413,temperature,LSTM_DENSE_MED_W60_H30,1,0.011409538269042941,0.011409538269042941,0.00047258826769076503,0.3330237749550078,0.3506012260913849,0.3590919077396393,53.88381704688072,55.00125661492348,55.0474189221859,54.21684082183573,55.3341269493103,55.3852841258049,54.21684082183573,0.0009222354491551717,9
413,temperature,LSTM_DENSE_MED_W60_H30,10,0.010916359817435302,0.010004585982813872,0.0004195468106305668,0.34523051646020675,0.36341920495033264,0.3676190972328186,55.095000192523,56.00528530776501,56.16473965346813,55.44023070898321,56.349433586001396,56.509023532271385,5.544023070898321,0.0009391572264333566,9
413,temperature,LSTM_DENSE_MED_W60_H30,30,0.026955240469340103,0.02280398502542521,0.0009355611885209572,0.34395398365126717,0.35387463867664337,0.35572610795497894,54.88250342508157,55.9074729681015,55.955979973077774,55.22645740873284,56.25270530581474,56.302379816770554,1.840881913624428,0.0009375450884302457,9
413,temperature,LSTM_DENSE_MED_W60_H30,60,0.0661623134911331,0.05639260468916455,0.0023159104586034903,0.3441139641735289,0.3608919680118561,0.36410242319107056,111.75584254993333,114.46518115699291,114.97386358678341,112.09995651410685,114.8104541003704,115.32295495271683,1.8683326085684475,0.0019135075683395068,9
413,temperature,LSTM_DENSE_MED_W120_H30,1,0.009530611673991274,0.009530611673991274,0.0003886893918156979,0.35621143049663967,0.37883855402469635,0.3856513649225235,56.706227362155914,60.31980626285076,61.600858345627785,57.06243879265256,60.66858768463135,61.93987280130386,57.06243879265256,0.0010111431280771892,9
413,temperature,LSTM_DENSE_MED_W120_H30,10,0.010849003410664563,0.009751284998113511,0.0004044777154514354,0.340995482272572,0.35396479070186615,0.35411305725574493,57.82747537725501,61.52845583856106,62.44241259992123,58.16847085952759,61.879003793001175,62.790583819150925,5.816847085952759,0.001031316729883353,9
413,temperature,LSTM_DENSE_MED_W120_H30,30,0.0332310100557152,0.029350794582174267,0.0012041437392659878,0.3531459305021498,0.36713890731334686,0.3720428794622421,56.21351280974017,58.79540219902992,60.03617122769356,56.566658740242325,59.14635434746742,60.39087474346161,1.8855552913414109,0.0009857725724577904,9
413,temperature,LSTM_DENSE_MED_W120_H30,60,0.07868662542704591,0.06755186941358779,0.002779391301612313,0.34520899256070453,0.3724832087755203,0.38712285459041595,109.95102901425626,112.53637820482254,112.64726147055626,110.29623800681696,112.90154159069061,112.99778521060944,1.8382706334469494,0.0018816923598448435,9
413,temperature,LSTM_DENSE_MED_W240_H30,1,0.007576215108235829,0.007576215108235829,0.0003109362474493085,0.34271801511446637,0.3789830952882767,0.39489008486270905,57.361715990636085,58.40832591056824,58.53622406721115,57.70443400575055,58.74655768275261,58.87732282280922,57.70443400575055,0.0009791092947125436,9
413,temperature,LSTM_DENSE_MED_W240_H30,10,0.010329061079047765,0.008870344497218349,0.0003624659662413728,0.3390376352601581,0.3537435084581375,0.3580208867788315,56.442409339878296,57.76832811534405,57.95331485569477,56.78144697513845,58.09829533100128,58.28558653593063,5.678144697513845,0.0009683049221833548,9
413,temperature,LSTM_DENSE_MED_W240_H30,30,0.044313741934048446,0.038594551194316165,0.0015826060386865775,0.35655063887437183,0.3696110099554062,0.3698226064443588,57.37415038877063,59.1936431825161,59.90396440029144,57.730701027645004,59.540148824453354,60.25378778576851,1.9243567009215001,0.0009923358137408891,9
413,temperature,LSTM_DENSE_MED_W240_H30,60,0.10113762967190994,0.08507770342971324,0.0035027985717092556,0.3651088724533717,0.41213855147361755,0.41958317160606384,113.88352264960606,116.63927547633648,116.66516773402691,114.24863152205944,117.02460087835789,117.06613935530186,1.9041438587009907,0.0019504100146392983,9
413,temperature,LSTM_DENSE_MED_W60_H60,1,0.015976300557454692,0.015976300557454692,0.0006513230180926124,0.34559787147574955,0.3662429749965668,0.375993549823761,54.30514303346475,55.244189500808716,55.396903306245804,54.6507409049405,55.586645752191544,55.73325231671333,54.6507409049405,0.000926444095869859,9
413,temperature,LSTM_DENSE_MED_W60_H60,10,0.01925188044281974,0.01779223043268377,0.0007250193242113823,0.34285585085550946,0.3544628620147705,0.3585033118724823,54.30145872135957,55.72651922702789,56.226976215839386,54.64431457221508,56.07150048017502,56.56967684626579,5.464431457221508,0.000934525008002917,9
413,temperature,LSTM_DENSE_MED_W60_H60,30,0.03718983486042439,0.03283474476361511,0.0013551883136900724,0.34215466843711007,0.3657929599285126,0.373300164937973,57.24050435754988,58.72306562960148,58.901360258460045,57.58265902598699,59.078194573521614,59.27466042339802,1.9194219675328996,0.0009846365762253603,9
413,temperature,LSTM_DENSE_MED_W60_H60,60,0.0817416733940138,0.07090994042290574,0.002928040132314856,0.3521210617489285,0.3699403256177902,0.37436001002788544,57.88830874694718,63.31771872937679,65.96008129417896,58.24042980869611,63.66339139640331,66.30629859864712,0.9706738301449352,0.0010610565232733885,9
413,temperature,LSTM_DENSE_MED_W120_H60,1,0.01939490509033206,0.01939490509033206,0.0007834349336722946,0.3543036679426829,0.3924034535884857,0.39514899253845215,58.22264775633812,58.850809186697006,58.99592489004135,58.5769514242808,59.21937637031078,59.346770867705345,58.5769514242808,0.0009869896061718464,9
413,temperature,LSTM_DENSE_MED_W120_H60,10,0.017099136718223867,0.015343620762680778,0.000623729444063617,0.3439266648557451,0.3634694963693619,0.3711637109518051,57.795449263519714,58.93293134868145,59.3461599200964,58.13937592837546,59.28996875882149,59.69377979636192,5.813937592837545,0.0009881661459803582,9
413,temperature,LSTM_DENSE_MED_W120_H60,30,0.03705218211514528,0.0329287295794246,0.001348945856254033,0.3437935892078612,0.3594096750020981,0.3613848239183426,57.534960202044914,58.0775111913681,58.081794530153275,57.87875379125277,58.429692685604095,58.43247100710869,1.929291793041759,0.0009738282114267349,9
413,temperature,LSTM_DENSE_MED_W120_H60,60,0.07440139753145084,0.06365175881433964,0.0026040248291894917,0.34781234959761304,0.3835957497358322,0.3860723227262497,59.36742263535658,60.25416888296604,60.59584952890873,59.7152349849542,60.61808317899704,60.975730419158936,0.9952539164159033,0.0010103013863166173,9
413,temperature,LSTM_DENSE_MED_W240_H60,1,0.022994280497232466,0.022994280497232466,0.0009545086901125127,0.34165527257654404,0.35357289016246796,0.3591645509004593,60.83248038258817,62.12450489401817,62.81965598464012,61.17413565516472,62.46137656271458,63.15326876938343,61.17413565516472,0.0010410229427119096,9
413,temperature,LSTM_DENSE_MED_W240_H60,10,0.021338719093784597,0.02019676407322731,0.0008319630894109833,0.35637948248121476,0.39153993129730225,0.4090443253517151,60.85298168990347,62.035300582647324,62.63773888349533,61.20936117238469,62.39035427570343,62.99064680933952,6.120936117238469,0.0010398392379283904,9
413,temperature,LSTM_DENSE_MED_W240_H60,30,0.03698428751204373,0.03373928705080588,0.0013774609995090658,0.3447882417175505,0.39484016597270966,0.40945596992969513,61.151569502221214,62.39943653345108,62.489528208971024,61.496357743938766,62.73582875728607,62.83070519566536,2.0498785914646254,0.001045597145954768,9
413,temperature,LSTM_DENSE_MED_W240_H60,60,0.0794110788266576,0.06929753727383078,0.002841511962282505,0.36064597467581433,0.4298854619264602,0.47840364277362823,61.03802803489897,63.35892602801323,64.0767402946949,61.39867400957478,63.75873424112797,64.42415155470371,1.023311233492913,0.001062645570685466,9
419,temperature,ARIMA_311,1,0.002796084750819361,0.002796084750819361,0.00012362610229172077,35.226576237214935,37.87048012018204,38.37396949529648,1.7144613795810275,1.95220485329628,2.0785778760910034,36.94103761679597,39.58534859120846,40.13661481440067,36.94103761679597,0.0006597558098534743,9
419,temperature,ARIMA_311,10,0.010768720586744485,0.009428002061358284,0.000413975297292578,35.31259795029958,38.73740807175636,38.9815978705883,1.9274277405606375,2.1058909595012665,2.156045287847519,37.24002569086022,40.64612537622452,40.889546275138855,3.7240025690860223,0.0006774354229370752,9
419,temperature,ARIMA_311,30,0.03006565496022844,0.02399933308073952,0.0010602456660895427,35.255263456039955,37.73312047123909,37.92747110128403,2.2268382211526236,2.4251002818346024,2.48507596552372,37.48210167719258,39.87245559692383,40.03738611936569,1.2494033892397527,0.0006645409266153972,9
419,temperature,ARIMA_311,60,0.08042791433140914,0.065171805884561,0.0028649003123184147,35.418481462531616,38.377468287944794,39.2230860888958,2.5993858774503074,2.8722520917654037,2.9763076454401016,38.017867339981926,40.94300791621208,41.7739674448967,0.6336311223330321,0.0006823834652702013,9
419,temperature,ARIMA_511_FFT,1,0.0024903857576795475,0.0024903857576795475,0.00010998404919656453,79.03898921277788,84.849713742733,85.70016548037529,4.376259115007189,4.670893773436546,4.767479375004768,83.41524832778506,89.1337838023901,90.02117626369,83.41524832778506,0.0014855630633731681,9
419,temperature,ARIMA_511_FFT,10,0.0071977782190678925,0.006414672568378884,0.0002821414259839036,78.9877012785938,85.86191907525063,86.09871566295624,4.773888736963272,4.884407669305801,4.894345998764038,83.76159001555708,90.68562425673008,90.96821583807468,8.376159001555708,0.0015114270709455013,9
419,temperature,ARIMA_511_FFT,30,0.013980202517988658,0.011579988650677747,0.0005141597145528503,78.41891671220462,85.26471629738808,86.8433304131031,5.199463003211552,5.386199429631233,5.417393520474434,83.61837971541617,90.49777872860432,92.05337427556515,2.787279323847206,0.0015082963121434052,9
419,temperature,ARIMA_511_FFT,60,0.04413603940405343,0.03371418340569521,0.0014838040498432266,80.00646138356791,89.85611833631992,92.614671215415,5.633681805597411,5.791831761598587,5.886998027563095,85.64014318916533,95.49805261194706,98.25184009969234,1.427335719819422,0.0015916342101991176,9
419,temperature,LSTM_DENSE_SMALL_W60_H1,1,0.00740937998296296,0.00740937998296296,0.00032881547813154357,0.3453302714559767,0.35778023302555084,0.36236830055713654,89.46023550298479,218.1549157947301,321.05609960854053,89.80556577444077,218.5100890696048,321.4064761996269,89.80556577444077,0.0036418348178267465,9
419,temperature,LSTM_DENSE_SMALL_W60_H1,10,0.011682554181909083,0.01076499301854703,0.0004755691836388052,0.35651586949825287,0.3834478557109833,0.3839954733848572,594.5582292560074,599.9349366873503,600.8130628615618,594.9147451255056,600.2925392240286,601.1539828032255,59.49147451255057,0.01000487565373381,9
419,temperature,LSTM_DENSE_SMALL_W60_H1,30,0.03411289357935505,0.02879153590670499,0.001265402077211712,0.36477959818310207,0.41260384023189545,0.41397474706172943,1723.6952289111084,1730.4228402674198,1731.43420368433,1724.0600085092915,1730.7701963931322,1731.7903209477663,57.46866695030972,0.028846169939885535,9
419,temperature,LSTM_DENSE_SMALL_W60_H1,60,0.08674723901698164,0.07021380371940192,0.003082318108657156,0.3557072745429145,0.38918815553188324,0.4049371927976608,3306.0350654025874,3338.333272561431,3338.9636781066656,3306.3907726771304,3338.689288124442,3339.315177872777,55.10651287795217,0.0556448214687407,9
419,temperature,LSTM_DENSE_SMALL_W60_H30,1,0.02248053687050664,0.02248053687050664,0.0010144142879305086,0.3418140113353729,0.3531716763973236,0.3537125885486603,54.66725304722786,55.87398260831833,56.15875497460365,55.00906705856323,56.22201897203922,56.50300718843937,55.00906705856323,0.0009370336495339871,9
419,temperature,LSTM_DENSE_SMALL_W60_H30,10,0.02630046288491451,0.024542230692056393,0.0011042714355184364,0.3513720714383655,0.3828808665275574,0.40123239159584045,54.52496206594838,55.94095550477505,56.646889075636864,54.87633413738675,56.306612864136696,56.988829746842384,5.487633413738675,0.0009384435477356116,9
419,temperature,LSTM_DENSE_SMALL_W60_H30,30,0.047360705812765184,0.03915401595765925,0.0017721037466807421,0.33763030336962807,0.35048089921474457,0.3522280603647232,82.3088807778226,189.5986564457416,274.7754231095314,82.64651108119223,189.93026763200754,275.0994600355625,2.7548837027064077,0.003165504460533459,9
419,temperature,LSTM_DENSE_SMALL_W60_H30,60,0.09075764619781404,0.07708106507944709,0.0034649599517186866,0.3380572630299462,0.3466244786977768,0.3468487411737442,115.91624654829502,118.40339675545692,119.4600984454155,116.25430381132497,118.7453206628561,119.80694718658924,1.9375717301887496,0.0019790886777142683,9
419,temperature,LSTM_DENSE_SMALL_W60_H60,1,0.05671801624802235,0.05671801624802235,0.0025863755458364413,0.35306356019443935,0.3814704716205597,0.39061158895492554,56.52357493009832,58.316630497574806,59.39433164894581,56.87663849029276,58.65267775952816,59.72926877439022,56.87663849029276,0.0009775446293254695,9
419,temperature,LSTM_DENSE_SMALL_W60_H60,10,0.05106291406590806,0.04897440968553575,0.002223834106219878,0.3599027792612712,0.3983642905950546,0.40373392403125763,56.2323820259836,57.5326394289732,58.07011388242245,56.59228480524487,57.88046531379223,58.40608291327953,5.6592284805244875,0.0009646744218965371,9
419,temperature,LSTM_DENSE_SMALL_W60_H60,30,0.048382631730551615,0.044841886792050645,0.002034357664902386,0.36873088942633736,0.46863928437232966,0.5375444889068604,55.79450478156408,57.38295875489712,57.51890875399113,56.16323567099042,57.73472785949707,57.86576867103577,1.8721078556996806,0.0009622454643249511,9
419,temperature,LSTM_DENSE_SMALL_W60_H60,60,0.0840497882812932,0.07044438958384794,0.0031590798551446217,0.3491857399543126,0.38437843322753906,0.3905296325683594,55.047420577870476,56.11279867589474,56.441253051161766,55.39660631782479,56.44588954746723,56.77664093673229,0.9232767719637465,0.0009407648257911205,9
419,temperature,LSTM_DENSE_MED_W60_H1,1,0.0036672871090988935,0.0036672871090988935,0.0001622088817006962,0.35298636390103233,0.38566887378692627,0.39437785744667053,55.26496469974518,56.40291981399059,56.75338767468929,55.61795106364621,56.73999823629856,57.09538795053959,55.61795106364621,0.0009456666372716427,9
419,temperature,LSTM_DENSE_MED_W60_H1,10,0.01048318947173096,0.009244865815437962,0.0004084946046062136,0.3504811061753167,0.38708895444869995,0.4014521837234497,546.434636745188,548.7269848585129,549.0662306547165,546.7851178513633,549.0794256329536,549.4317747652531,54.67851178513634,0.009151323760549227,9
419,temperature,LSTM_DENSE_MED_W60_H1,30,0.02728039752231714,0.021052137746751486,0.0009408989613852957,0.371735543012619,0.4047255963087082,0.40762312710285187,1628.882751489679,1643.3474101126194,1645.655132830143,1629.2544870326917,1643.70157122612,1646.002173423767,54.308482901089725,0.027395026187102,9
419,temperature,LSTM_DENSE_MED_W60_H1,60,0.0896325440218542,0.07024516364538447,0.0031114403984662683,0.3517058988412221,0.3762144595384598,0.38362108170986176,3330.4388392716646,3365.3599325567484,3374.0149196237326,3330.790545170506,3365.7093845307827,3374.34159219265,55.51317575284177,0.056095156408846374,9
419,temperature,LSTM_DENSE_MED_W120_H1,1,0.003333123352325984,0.003333123352325984,0.00014727086937591844,0.3486964851617813,0.3868989646434784,0.4134438931941986,56.20619323518541,57.89596699178219,58.70884098112583,56.55488972034719,58.23514014482498,59.04059112071991,56.55488972034719,0.0009705856690804163,9
419,temperature,LSTM_DENSE_MED_W120_H1,10,0.009318983408744238,0.008264478899081027,0.0003652838822803851,0.36419596936967635,0.40753185749053955,0.416487455368042,555.4004112879435,562.3957227915525,563.3260402828455,555.7646072573132,562.7605602145195,563.69748711586,55.576460725731316,0.009379342670241991,9
419,temperature,LSTM_DENSE_MED_W120_H1,30,0.021627392470987265,0.0170013153977535,0.0007586403932175011,0.4225439495510525,0.5854569375514984,0.5865395069122314,1676.9981518801715,1690.2973998337984,1690.4126051813364,1677.4206958297227,1690.7496582716703,1690.7771471887827,55.91402319432409,0.028179160971194505,9
419,temperature,LSTM_DENSE_MED_W120_H1,60,0.07034864937764468,0.0546164740580936,0.0024196981673354984,0.37406467729144627,0.475621223449707,0.5383789539337158,3545.045324911674,3775.878930091858,3892.395757138729,3545.4193895889653,3776.3020902872086,3892.7421048283577,59.09032315981609,0.06293836817145347,9
419,temperature,LSTM_DENSE_MED_W240_H1,1,0.0042005390405801535,0.0042005390405801535,0.00018594532894387496,0.348157352871365,0.3757845610380173,0.379098579287529,58.835005801584984,59.840963035821915,60.172997415065765,59.18316315445635,60.19335463643074,60.50758436322212,59.18316315445635,0.0010032225772738457,9
419,temperature,LSTM_DENSE_MED_W240_H1,10,0.009925989536431173,0.008746824632723502,0.00038696951773781,0.35652414792113835,0.38287490606307983,0.3838688135147095,574.1466140995423,581.962950155139,582.0408035069704,574.5031382474634,582.3179133236408,582.4037119746208,57.450313824746345,0.009705298555394013,9
419,temperature,LSTM_DENSE_MED_W240_H1,30,0.02558509047699286,0.02003407591981508,0.000892241662250474,0.3668442368507385,0.40034614503383636,0.41099078953266144,1726.9694103548925,1741.9672422111034,1743.6406388878822,1727.3362545917432,1742.3202652484179,1743.9751345664263,57.57787515305811,0.02903867108747363,9
419,temperature,LSTM_DENSE_MED_W240_H1,60,0.07636749626382913,0.06036371556444533,0.0026712552607461625,0.3854559941424264,0.5030091851949692,0.566558912396431,3623.6211601644754,3797.892451286316,3841.0224243998528,3624.006616158618,3798.360402137041,3841.424636542797,60.4001102693103,0.06330600670228402,9
419,temperature,LSTM_DENSE_MED_W60_H30,1,0.06700978172690845,0.06700978172690845,0.0030335076611771165,0.3700651642349031,0.44053271412849426,0.4699602723121643,57.455936239825355,58.75297822058201,59.316208586096764,57.82600140406026,59.17879715561867,59.71259996294975,57.82600140406026,0.0009863132859269778,9
419,temperature,LSTM_DENSE_MED_W60_H30,10,0.053920682105711604,0.04868076724632388,0.002200640874508074,0.34724507066938615,0.37719644606113434,0.3813449293375015,56.9540804458989,57.95768164098263,58.44229273498058,57.30132551656829,58.30366723239422,58.78877080976963,5.730132551656829,0.0009717277872065704,9
419,temperature,LSTM_DENSE_MED_W60_H30,30,0.05242691358991207,0.044760038393381205,0.0020166404992769263,0.341193750500679,0.35184137523174286,0.35287998616695404,56.80480516619153,57.3318749666214,57.41110444068909,57.14599891669221,57.669080048799515,57.74001032114029,1.9048666305564068,0.0009611513341466586,9
419,temperature,LSTM_DENSE_MED_W60_H30,60,0.11867058882053738,0.09771558851251817,0.00440295738701382,0.34115401407082874,0.36498792469501495,0.37921033799648285,113.96721171008215,116.34508185088634,116.87050946056843,114.30836572415299,116.68441854417324,117.21416376531124,1.9051394287358832,0.0019447403090695542,9
419,temperature,LSTM_DENSE_MED_W120_H30,1,0.029644149698617284,0.029644149698617284,0.0013403652016989206,0.33298465940687394,0.3433704376220703,0.34857168793678284,58.00849219991101,60.34276485443115,61.95224076509476,58.341476859317886,60.6795608997345,62.2829906642437,58.341476859317886,0.001011326014995575,9
419,temperature,LSTM_DENSE_MED_W120_H30,10,0.037344995192681016,0.032154932152835235,0.0014514213438224055,0.4906449466943741,1.1659719049930568,1.6913749277591705,57.015592439307106,58.453402295708656,58.891935274004936,57.50623738600148,59.60070751607418,60.58331020176411,5.750623738600148,0.000993345125267903,9
419,temperature,LSTM_DENSE_MED_W120_H30,30,0.04791420656106715,0.04151321637357757,0.0018759645872098857,0.34278113808896804,0.36286674439907074,0.36720745265483856,57.00436255170239,58.233605325222015,58.63218754529953,57.34714368979136,58.57265405356884,58.95969830453396,1.9115714563263786,0.0009762109008928139,9
419,temperature,LSTM_DENSE_MED_W120_H30,60,0.12190688999018699,0.09817483681442218,0.004420574658124692,0.3536771982908249,0.3976091742515564,0.40097907185554504,115.39336418112119,118.54188926517963,119.09155361354351,115.74704137941201,118.89859847724438,119.47045288980007,1.9291173563235335,0.0019816433079540728,9
419,temperature,LSTM_DENSE_MED_W240_H30,1,0.007184025769506164,0.007184025769506164,0.0003222059344429187,0.33816322684288025,0.3446783870458603,0.34540705382823944,64.10185578796599,66.17184095084667,66.63510017096996,64.44001901480887,66.50517582893372,66.96160137653351,64.44001901480887,0.0011084195971488952,9
419,temperature,LSTM_DENSE_MED_W240_H30,10,0.013743526275394779,0.011251450623669754,0.0005047093825108985,0.3495423330201043,0.36914385855197906,0.3701206296682358,62.34666498170959,64.08841870725155,64.72125090658665,62.69620731472969,64.44302015006542,65.06899185478687,6.269620731472969,0.0010740503358344236,9
419,temperature,LSTM_DENSE_MED_W240_H30,30,0.03739828614872854,0.029441700988923136,0.0013267826497231953,0.34717780848344165,0.36472491919994354,0.37008337676525116,61.234219413664604,63.254180923104286,64.27918188273907,61.58139722214805,63.59752416610718,64.62591141462326,2.052713240738268,0.0010599587361017862,9
419,temperature,LSTM_DENSE_MED_W240_H30,60,0.08740287961936051,0.0680998310262155,0.0030495006213243836,0.3424164735608631,0.3552146255970001,0.3568977117538452,113.01584272748894,115.09473957121372,115.36852456629276,113.3582592010498,115.44632390141487,115.7212145626545,1.8893043200174968,0.0019241053983569147,9
419,temperature,LSTM_DENSE_MED_W60_H60,1,0.03226289512098042,0.03226289512098042,0.0014646885262782727,0.3346544173028734,0.3461834043264389,0.3478098660707474,56.6988339026769,57.64619559049606,57.97768011689186,57.033488319979774,57.981233671307564,58.31729434430599,57.033488319979774,0.0009663538945217928,9
419,temperature,LSTM_DENSE_MED_W60_H60,10,0.03316169071858753,0.027582549167513477,0.0012424759773508307,0.34817039138740963,0.3846529871225357,0.38550980389118195,56.582044810056686,57.459091767668724,57.81622789800167,56.9302152014441,57.82182812690735,58.20173770189285,5.69302152014441,0.0009636971354484558,9
419,temperature,LSTM_DENSE_MED_W60_H60,30,0.05865054949139135,0.05171379313174934,0.0023406660246337706,0.3611598577764299,0.39541013538837433,0.3978069871664047,56.19216358496083,57.22239091992378,57.35190957784653,56.55332344273726,57.61592499911785,57.74971656501293,1.8851107814245753,0.0009602654166519642,9
419,temperature,LSTM_DENSE_MED_W60_H60,60,0.08080250837842994,0.0668889545509857,0.0030140446476864756,0.3621830708450741,0.45946054160594935,0.5306955426931381,56.35064302219285,57.378146052360535,57.9654760658741,56.712826093037926,57.71694742143154,58.29507298767567,0.9452137682172987,0.0009619491236905256,9
419,temperature,LSTM_DENSE_MED_W120_H60,1,0.03847231284558994,0.03847231284558994,0.0017454169682910644,0.3374111321237352,0.35377703607082367,0.360807403922081,57.19981528818607,58.406443893909454,59.04408544301987,57.53722642030981,58.75432603061199,59.40489284694195,57.53722642030981,0.0009792387671768666,9
419,temperature,LSTM_DENSE_MED_W120_H60,10,0.03755122468822448,0.03167580777167387,0.0014230165037987994,0.3378370569811927,0.35360269248485565,0.3604944795370102,58.41259989473555,63.114603981375694,65.51682762801647,58.75043695171674,63.45035023987293,65.85595197975636,5.875043695171675,0.0010575058373312155,9
419,temperature,LSTM_DENSE_MED_W120_H60,30,0.04143956274941669,0.034355650918444745,0.0015440502949820363,0.34217826194233364,0.38408897817134857,0.38585998117923737,57.43541361557113,58.90701115131378,59.59190055727959,57.77759187751346,59.23837684094906,59.927357360720634,1.9259197292504486,0.0009873062806824843,9
419,temperature,LSTM_DENSE_MED_W120_H60,60,0.08581109917468487,0.07151408605426783,0.003181846774874579,0.34170225262641907,0.359557569026947,0.3644227981567383,57.28609652982818,58.82002301514149,59.436241164803505,57.6277987824546,59.162308648228645,59.788500890135765,0.9604633130409099,0.0009860384774704775,9
419,temperature,LSTM_DENSE_MED_W240_H60,1,0.04738001421221831,0.04738001421221831,0.0021417076847356836,0.34028229614098865,0.3558635711669922,0.35843998193740845,63.1428025662899,65.05311392247677,66.08855538070202,63.48308486243089,65.3983324766159,66.429253667593,63.48308486243089,0.0010899722079435984,9
419,temperature,LSTM_DENSE_MED_W240_H60,10,0.03358944314431705,0.02601188188994442,0.001175358473972936,0.33611680070559186,0.3452423959970474,0.3463607281446457,61.93227341605557,62.684955075383186,62.69564665853977,62.26839021676116,63.0239300429821,63.03156167268753,6.226839021676116,0.0010503988340497016,9
419,temperature,LSTM_DENSE_MED_W240_H60,30,0.058508307909032664,0.05034516889539688,0.0022539775108633554,0.3794104688697391,0.4876807332038879,0.5398914217948914,60.55460973746247,61.80578991770744,62.4588169157505,60.93402020633221,62.21975050866604,62.7888236194849,2.0311340068777404,0.0010369958418111006,9
419,temperature,LSTM_DENSE_MED_W240_H60,60,0.12168417183732967,0.09883819345760278,0.004406625467566516,0.33569853338930344,0.35947561264038086,0.36296993494033813,59.75093754629294,60.29067374765873,60.430826619267464,60.08663607968224,60.621560364961624,60.75771898031235,1.0014439346613708,0.001010359339416027,9
442,temperature,ARIMA_311,1,0.0037439976180902333,0.0037439976180902333,0.00015888631059940184,33.60151789254613,36.25688813626766,36.50561906397343,1.6771567364533742,1.7318956553936005,1.7374493181705475,35.2786746289995,37.924999371171,38.1843913346529,35.2786746289995,0.00063208332285285,9
442,temperature,ARIMA_311,10,0.006792076226758675,0.006062320894223489,0.0002569600980035497,33.63156629105409,36.822786927223206,37.03589737415314,1.93745166891151,2.030443400144577,2.0473897457122803,35.5690179599656,38.730284199118614,38.94134424626827,3.55690179599656,0.0006455047366519769,9
442,temperature,ARIMA_311,30,0.01612437194637869,0.014413396639293127,0.0006089745350208282,33.61149587564998,35.71749851107597,36.18926182389259,2.1386769496732287,2.222706377506256,2.224743366241455,35.75017282532321,37.89815381169319,38.40891271829605,1.1916724275107737,0.0006316358968615532,9
442,temperature,ARIMA_311,60,0.026009904640867054,0.022724366901749775,0.0009619532075625349,33.772129979398514,36.51038929820061,36.519572138786316,2.566880236069361,2.6984237134456635,2.720493823289871,36.33901021546788,39.04652111232281,39.04845379292965,0.605650170257798,0.0006507753518720467,9
442,temperature,ARIMA_511_FFT,1,0.003600965531279954,0.003600965531279954,0.00015286439952959434,76.28501310116715,81.55245259404182,82.24749192595482,4.383461135956976,4.49335016310215,4.529425874352455,80.66847423712413,85.90805418789387,86.6288710385561,80.66847423712413,0.0014318009031315643,9
442,temperature,ARIMA_511_FFT,10,0.0059355525607986594,0.0051979301704564666,0.00022045257191942767,77.67904736101627,84.4356045126915,84.58495140075684,4.960332479741838,5.1833271980285645,5.197614431381226,82.63937984075811,89.47295099496841,89.78256583213806,8.263937984075811,0.0014912158499161402,9
442,temperature,ARIMA_511_FFT,30,0.015013650758141062,0.013073231687734494,0.0005531900987328397,76.56258365346326,83.6149375885725,85.25381796061993,5.367020558979776,5.940447747707367,6.34288415312767,81.92960421244304,88.90392780303955,90.53854271769524,2.7309868070814347,0.0014817321300506592,9
442,temperature,ARIMA_511_FFT,60,0.0277222882344765,0.02382999572707377,0.0010108911310754585,77.49720973273118,81.32490292191505,81.52157440781593,5.943053505486912,6.459572911262512,6.5792277455329895,83.4402632382181,87.07609213888645,87.23115734755993,1.3906710539703016,0.0014512682023147742,9
442,temperature,LSTM_DENSE_SMALL_W60_H1,1,0.008318150838215743,0.008318150838215743,0.0003544942535799754,0.3728233277797699,0.41985176503658295,0.4274491220712662,57.32657201588154,58.21034014225006,58.34300071001053,57.69939534366131,58.58957581222057,58.72941575944424,57.69939534366131,0.0009764929302036763,9
442,temperature,LSTM_DENSE_SMALL_W60_H1,10,0.011624258239844809,0.010925023437713611,0.0004654802691018635,0.37573857439888847,0.4172079265117645,0.4334300756454468,565.580565482378,567.5792139023542,568.3646071702242,565.9563040567768,567.9478101432323,568.7170177698135,56.59563040567768,0.00946579683572054,9
442,temperature,LSTM_DENSE_SMALL_W60_H1,30,0.020362022127965798,0.018658969054559243,0.0007942985120561509,0.3852119876278771,0.42401254177093506,0.42988359928131104,1701.0419041746193,1706.2211718410254,1707.520192489028,1701.427116162247,1706.601933017373,1707.86820538342,56.71423720540824,0.028443365550289552,9
442,temperature,LSTM_DENSE_SMALL_W60_H1,60,0.03598657409993451,0.03224440172754163,0.0013716874220760758,0.3584064543247223,0.3928106278181076,0.39291568100452423,3624.88349671993,3825.0791028141975,3889.472011476755,3625.2419031742547,3825.461108982563,3889.8646645247936,60.42069838623758,0.06375768514970939,9
442,temperature,LSTM_DENSE_SMALL_W60_H30,1,0.02061690521240287,0.02061690521240287,0.0008821916841666805,0.3423067844576306,0.3516528755426407,0.3529991954565048,57.925072188178696,60.07362976670265,60.57506799697876,58.26737897263633,60.41150726377964,60.90942211449146,58.26737897263633,0.0010068584543963274,9
442,temperature,LSTM_DENSE_SMALL_W60_H30,10,0.028900675981076752,0.027552159609494677,0.0011768212599052082,0.3456510603427887,0.3521997481584549,0.3522802144289017,57.074851666887604,59.24409329891205,59.694379568099976,57.42050272723039,59.592582657933235,60.040516778826714,5.74205027272304,0.000993209710965554,9
442,temperature,LSTM_DENSE_SMALL_W60_H30,30,0.037726811752174974,0.035834488003366874,0.001527633651016886,0.36496400005287594,0.4651159048080444,0.538315623998642,56.76266757978333,58.18956345319748,58.76919999718666,57.12763157983621,58.539797365665436,59.116847813129425,1.9042543859945404,0.0009756632894277572,9
442,temperature,LSTM_DENSE_SMALL_W60_H30,60,0.0513351149633874,0.047851138829703446,0.0020366379213533964,0.3464805583159129,0.38171112537384033,0.39964914321899414,113.00346110430029,114.85612094402313,116.05516076087952,113.3499416626162,115.18926694989204,116.3862906396389,1.8891656943769368,0.001919821115831534,9
442,temperature,LSTM_DENSE_SMALL_W60_H60,1,0.02910045623779318,0.02910045623779318,0.0012413557277077766,0.36366573638386196,0.4659797996282577,0.535009428858757,56.558658472365806,57.66562670469284,57.67812579870224,56.922324208749664,58.011964336037636,58.017829433083534,56.922324208749664,0.0009668660722672939,9
442,temperature,LSTM_DENSE_SMALL_W60_H60,10,0.02301502424551579,0.020626531769012392,0.0008794698901684989,0.33963678611649406,0.3609266132116318,0.36303140223026276,56.0644268989563,57.656750455498695,58.383045718073845,56.40406368507279,57.99877531826496,58.7227214127779,5.640406368507279,0.000966646255304416,9
442,temperature,LSTM_DENSE_SMALL_W60_H60,30,0.024123518291038804,0.021567779225050737,0.0009185373034183677,0.3555009348524941,0.3975912928581238,0.40545687079429626,56.413349798984,57.71183483302593,58.01717005670071,56.768850733836494,58.0465342849493,58.34438465535641,1.8922950244612164,0.0009674422380824884,9
442,temperature,LSTM_DENSE_SMALL_W60_H60,60,0.03352499721976933,0.030025833062599566,0.0012757033560084055,0.3438800987270143,0.3587696701288223,0.3622081130743027,56.52904883027077,57.96319656074047,58.53517912328243,56.87292892899778,58.31799507141113,58.897387236356735,0.9478821488166297,0.0009719665845235189,9
442,temperature,LSTM_DENSE_MED_W60_H1,1,0.0036173731486005777,0.0036173731486005777,0.00015320203427290563,0.34868717193603516,0.3882557153701782,0.39213523268699646,57.0732019841671,59.018488600850105,59.550439938902855,57.421889156103134,59.350282698869705,59.88069996237755,57.421889156103134,0.000989171378314495,9
442,temperature,LSTM_DENSE_MED_W60_H1,10,0.0060745215444435,0.00546987225548083,0.00023174301075598122,0.3998716258340412,0.5657311528921127,0.5820300430059433,552.8719774964783,572.19651453197,578.9968315511942,553.2718491223123,572.6401302963495,579.3481711298227,55.32718491223123,0.009544002171605826,9
442,temperature,LSTM_DENSE_MED_W60_H1,30,0.010531675642715661,0.009121886259136808,0.00038597469465391704,0.37850501636664075,0.423484668135643,0.4272591322660446,1665.2115376459228,1679.2771458625793,1681.9190569221973,1665.5900426622893,1679.6910129487514,1682.3239959776402,55.519668088742975,0.027994850215812526,9
442,temperature,LSTM_DENSE_MED_W60_H1,60,0.01978369009746252,0.017340256856816196,0.0007334642003094438,0.36998817490206826,0.4120633006095886,0.4185028374195099,3339.315903476543,3357.4749000370502,3360.714465379715,3339.6858916514448,3357.8209456056356,3361.0484283417463,55.66143152752408,0.0559636824267606,9
442,temperature,LSTM_DENSE_MED_W120_H1,1,0.004144597371419323,0.004144597371419323,0.0001758810200347605,0.34672746227847207,0.3712013363838196,0.38157403469085693,58.31152097218566,59.06435213983059,59.125350788235664,58.658248434464134,59.411321580410004,59.477049857378006,58.658248434464134,0.0009901886930068333,9
442,temperature,LSTM_DENSE_MED_W120_H1,10,0.00824506511781484,0.007308413228566088,0.0003099546644441363,0.3612300174103843,0.38986578583717346,0.3981851041316986,572.5813913676474,584.4255171716213,585.8967825770378,572.9426213850578,584.8032101988792,586.2608142197132,57.29426213850578,0.009746720169981321,9
442,temperature,LSTM_DENSE_MED_W120_H1,30,0.01889903612836129,0.016428054747918565,0.0006976162096495951,0.37840712401602006,0.41793808341026306,0.41933730244636536,1696.7394474065966,1710.3258024901152,1715.1825372129679,1697.1178545306127,1710.69307141006,1715.5174259096384,56.57059515102042,0.028511551190167666,9
442,temperature,LSTM_DENSE_MED_W120_H1,60,0.043616343622307756,0.03718770444080091,0.0015794879577345866,0.35700926350222695,0.40554776787757874,0.40700286626815796,3433.694201625056,3512.5942420214415,3518.2015765458345,3434.0512108885578,3512.984561547637,3518.6085794121027,57.23418684814263,0.05854974269246062,9
442,temperature,LSTM_DENSE_MED_W240_H1,1,0.003886881510416984,0.003886881510416984,0.00016478074035574205,0.34446372754044,0.37724412977695465,0.3805626183748245,59.53481441570653,60.75361222028732,61.42592802643776,59.87927814324697,61.115822941064835,61.77590414881706,59.87927814324697,0.0010185970490177473,9
442,temperature,LSTM_DENSE_MED_W240_H1,10,0.006075113157974932,0.005447490155057829,0.00023071560789288522,0.3663903723160426,0.47217234969139094,0.5392096936702728,640.4967386689451,648.9959824830294,652.8471391648054,640.8631290412611,649.3430975824594,653.1901899725199,64.08631290412612,0.010822384959707658,9
442,temperature,LSTM_DENSE_MED_W240_H1,30,0.013600783217302386,0.01183760717372716,0.0005018106317506674,0.35928376019001007,0.38415007293224335,0.38453005254268646,1847.4492747336626,1869.4448821246624,1874.9030195176601,1847.8085584938526,1869.8046654462814,1875.2463050186634,61.593618616461754,0.031163411090771358,9
442,temperature,LSTM_DENSE_MED_W240_H1,60,0.026835997274762824,0.023058643994335166,0.0009787326338151867,0.3721360117197037,0.389915332198143,0.39046071469783783,3624.220495215721,3644.971524178982,3646.626975387335,3624.5926312274405,3645.343316718936,3647.0174361020327,60.40987718712401,0.0607557219453156,9
442,temperature,LSTM_DENSE_MED_W60_H30,1,0.011061622619629573,0.011061622619629573,0.00047145483338886394,0.3374076137940089,0.35488568246364594,0.36269985139369965,56.52018967601988,58.63374620676041,58.86351689696312,56.85759728981389,58.984627947211266,59.22621674835682,56.85759728981389,0.0009830771324535212,9
442,temperature,LSTM_DENSE_MED_W60_H30,10,0.012095674981392463,0.011171620982065597,0.0004755890221132047,0.3389109753900104,0.35718344151973724,0.3596711903810501,56.562027583519615,57.6488621532917,58.11011418700218,56.90093855890963,57.97961503267288,58.440662920475006,5.690093855890963,0.0009663269172112147,9
442,temperature,LSTM_DENSE_MED_W60_H30,30,0.016357933791566765,0.014294207552040677,0.0006069892563514073,0.33635211487611133,0.3568436950445175,0.36185793578624725,90.79347737133503,216.71016514301292,318.1789070367813,91.12982948621114,217.04384796321384,318.5021635144949,3.0376609828737045,0.003617397466053564,9
442,temperature,LSTM_DENSE_MED_W60_H30,60,0.026545653893263077,0.022467120078264034,0.0009515036449741499,0.3514047712087631,0.38814693689346313,0.3928355872631073,124.93210347990195,127.35813446342945,127.84128822386265,125.28350825111072,127.74393707513809,128.22240218520164,2.0880584708518453,0.002129065617918968,9
442,temperature,LSTM_DENSE_MED_W120_H30,1,0.013711825052897452,0.013711825052897452,0.0005858183940193925,0.3747364713086022,0.4218008369207382,0.425608828663826,61.39677680201001,62.592362239956856,62.823960557579994,61.77151327331861,62.96108588576317,63.154760748147964,61.77151327331861,0.0010493514314293862,9
442,temperature,LSTM_DENSE_MED_W120_H30,10,0.014246937878808822,0.012484697509978878,0.0005314669751188597,0.339940811196963,0.357929989695549,0.3658849745988846,59.69989527430799,61.41086630523205,62.41748668253422,60.03983608550496,61.746445298194885,62.75138258934021,6.003983608550496,0.0010291074216365814,9
442,temperature,LSTM_DENSE_MED_W120_H30,30,0.022920318408784446,0.020175459420560385,0.0008581885236248667,0.34901582532458836,0.3736533224582672,0.3799609839916229,59.5028946797053,61.235561221838,62.04653158783913,59.85191050502989,61.57912500202656,62.38956190645695,1.9950636835009965,0.001026318750033776,9
442,temperature,LSTM_DENSE_MED_W120_H30,60,0.03352144705423253,0.028248670784299018,0.0012019145597052285,0.3405289931429757,0.35642310976982117,0.36294013261795044,115.84504569570224,118.28758455812931,119.81750838458538,116.18557468884521,118.61901357769966,120.14808878302574,1.9364262448140868,0.0019769835596283275,9
442,temperature,LSTM_DENSE_MED_W240_H30,1,0.01859425608317089,0.01859425608317089,0.0007943834566686489,0.339314341545105,0.35353414714336395,0.35372190177440643,60.16142976780733,61.97359636425972,61.99420243501663,60.50074410935243,62.31713406741619,62.34745495021343,60.50074410935243,0.0010386189011236033,9
442,temperature,LSTM_DENSE_MED_W240_H30,10,0.025106830628597913,0.024268994423392948,0.0010352015808756522,0.34620923300584155,0.3870666027069092,0.4023239016532898,59.0077375786172,60.396332666277885,61.096010729670525,59.35394681162305,60.735420137643814,61.44113838672638,5.935394681162305,0.0010122570022940635,9
442,temperature,LSTM_DENSE_MED_W240_H30,30,0.025938940980358465,0.02415864834611322,0.0010289086637859516,0.34238584339618683,0.3595370799303055,0.3633406013250351,59.623947367072105,61.3233994692564,61.58782355487347,59.96633321046829,61.66636869311333,61.93917244672775,1.9988777736822765,0.0010277728115518888,9
442,temperature,LSTM_DENSE_MED_W240_H30,60,0.03479594706321094,0.031916912944055825,0.0013575431388274648,0.3451959540446599,0.3746587783098221,0.38368813693523407,117.83648903171222,121.41697853803635,121.68016284704208,118.18168498575687,121.75378762185574,122.025640681386,1.9696947497626145,0.0020292297936975955,9
442,temperature,LSTM_DENSE_MED_W60_H60,1,0.01653179168701193,0.01653179168701193,0.0007059984781815651,0.3335740831163194,0.34372396767139435,0.34572742879390717,56.64709438052442,58.03344175219536,58.700866997241974,56.98066846364074,58.37045907974243,59.0396523475647,56.98066846364074,0.0009728409846623739,9
442,temperature,LSTM_DENSE_MED_W60_H60,10,0.024203358333589654,0.022156847214421058,0.0009445116205805543,0.34442606071631116,0.35996250808238983,0.36065466701984406,56.81057046684954,57.925720140337944,58.47902037203312,57.15499652756585,58.28166306018829,58.831822127103806,5.715499652756585,0.0009713610510031382,9
442,temperature,LSTM_DENSE_MED_W60_H60,30,0.028417334937411404,0.025913345190491245,0.0011004959696144089,0.35719966722859275,0.40701664984226227,0.42588822543621063,63.65682101911969,66.13561548292637,66.52939133346081,64.01402068634827,66.48117043077946,66.87497906386852,2.1338006895449424,0.0011080195071796577,9
442,temperature,LSTM_DENSE_MED_W60_H60,60,0.03601836066036829,0.03292654785002137,0.001397281735754613,0.3492167840401332,0.3923870623111725,0.4213973879814148,60.2339669648144,61.80703528225422,62.55889870226383,60.58318374885453,62.149253487586975,62.90334463119507,1.0097197291475755,0.001035820891459783,9
442,temperature,LSTM_DENSE_MED_W120_H60,1,0.04586259206136027,0.04586259206136027,0.0019486587225259727,0.3579072654247284,0.39010196924209595,0.39918720722198486,58.55111322469182,59.59528461098671,59.973228722810745,58.909020490116546,59.954724460840225,60.348350554704666,58.909020490116546,0.0009992454076806704,9
442,temperature,LSTM_DENSE_MED_W120_H60,10,0.042624959084207895,0.04116435015662833,0.0017506634118744312,0.34353074928124744,0.3605589270591736,0.3692731261253357,58.38558284772767,59.67500917613506,60.21508760750294,58.72911359700892,60.010817646980286,60.54861843585968,5.8729113597008915,0.001000180294116338,9
442,temperature,LSTM_DENSE_MED_W120_H60,30,0.03538640802175654,0.031695951947002435,0.001345588022001232,0.3638472408056259,0.40030255913734436,0.41566789150238037,57.59572775827514,58.42497535049915,58.62206779420376,57.959574999080765,58.81090722978115,59.03773568570614,1.9319858333026922,0.0009801817871630191,9
442,temperature,LSTM_DENSE_MED_W120_H60,60,0.03321832443773144,0.028856378179756236,0.0012236197549943845,0.3526492251290215,0.38769133388996124,0.3890376538038254,58.279125433829094,60.21917574107647,60.3270772844553,58.631774658958115,60.56196726858616,60.670649632811546,0.9771962443159686,0.0010093661211431027,9
442,temperature,LSTM_DENSE_MED_W240_H60,1,0.01934902445475224,0.01934902445475224,0.0008270112048445029,0.34160084194607204,0.35166405141353607,0.35380013287067413,59.19880916674932,60.14019176363945,60.687873512506485,59.54041000869539,60.488030686974525,61.03173829615116,59.54041000869539,0.0010081338447829088,9
442,temperature,LSTM_DENSE_MED_W240_H60,10,0.019167988688422833,0.017173292328094652,0.0007321484271756862,0.34470628533098435,0.36682672798633575,0.373130664229393,59.56709819535414,60.719700157642365,61.22688204050064,59.91180448068513,61.08337491750717,61.58425286412239,5.991180448068513,0.0010180562486251194,9
442,temperature,LSTM_DENSE_MED_W240_H60,30,0.020902383929111357,0.017855642553772408,0.0007587151266979954,0.35110260877344346,0.3924839198589325,0.4073046147823334,60.576717886659836,64.3111802637577,66.0538300871849,60.92782049543328,64.68120776116848,66.39900617301464,2.0309273498477762,0.001078020129352808,9
442,temperature,LSTM_DENSE_MED_W240_H60,60,0.025968075636595266,0.022668445327213415,0.0009621194115067629,0.36317668855190277,0.4580028355121612,0.5254857242107391,58.69573520289527,61.11157946288586,61.51312775909901,59.058911891447174,61.46143898367882,61.85837462544441,0.9843151981907863,0.001024357316394647,9
510,temperature,ARIMA_311,1,0.0028573257193244216,0.0028573257193244216,0.00012213594626820772,32.8953940835264,35.667460039258,36.43644414842129,1.6641037331687079,1.7785049974918365,1.8184036016464233,34.55949781669511,37.43272386491299,38.25484775006771,34.55949781669511,0.0006238787310818832,9
510,temperature,ARIMA_311,10,0.013289581985003188,0.011687283993926306,0.000508952188902573,33.66609248850081,37.11266927421093,37.29136846959591,1.9369634489218395,2.0970329642295837,2.1114908158779144,35.603055937422646,38.98439630866051,39.166249334812164,3.5603055937422647,0.0006497399384776751,9
510,temperature,ARIMA_311,30,0.029006724815337375,0.0236868417001194,0.0010197068516911267,33.59915957682662,36.01583503186703,36.317599937319756,2.2411588579416275,2.37177275121212,2.4004746228456497,35.84031843476825,38.20052221417427,38.568682968616486,1.1946772811589417,0.0006366753702362378,9
510,temperature,ARIMA_311,60,0.08040573791600998,0.065272704829466,0.002692274125718383,33.68374270697435,36.83519884943962,37.82743960618973,2.5344385455052056,2.6392504572868347,2.6682838797569275,36.21818125247955,39.303263276815414,40.33319279551506,0.6036363542079926,0.0006550543879469236,9
510,temperature,ARIMA_511_FFT,1,0.002199741898390073,0.002199741898390073,9.436228134762884e-05,77.73927185270522,83.78747589886189,83.86381529271603,4.425398591491911,4.637075960636139,4.646927118301392,82.16467044419713,88.42455185949802,88.51074241101742,82.16467044419713,0.0014737425309916336,9
510,temperature,ARIMA_511_FFT,10,0.011404881458569901,0.0100088667280248,0.00043281557775342553,77.56944766475095,81.60723708570004,81.64269663393497,4.748041224148539,5.0053756684064865,5.065729841589928,82.31748888889949,86.33399419486523,86.36275120079517,8.23174888888995,0.001438899903247754,9
510,temperature,ARIMA_511_FFT,30,0.025059811849220064,0.020197201045875336,0.0008531275744201433,78.2268802738852,84.1528169810772,85.87531745433807,5.217767424053616,5.552083253860474,5.603015422821045,83.44464769793882,89.24615196883678,90.96948988735676,2.7814882565979606,0.0014874358661472798,9
510,temperature,ARIMA_511_FFT,60,0.06354008951037866,0.05070505613340659,0.0020653514250957494,78.15862405631277,84.24713686108589,86.16862818598747,5.712471695409881,5.853749439120293,5.884664133191109,83.87109575172265,89.9853453040123,91.97600558400154,1.397851595862044,0.0014997557550668716,9
510,temperature,LSTM_DENSE_SMALL_W60_H1,1,0.00860373942057251,0.00860373942057251,0.0003643391834885931,0.34444013403521645,0.36864206194877625,0.37237629294395447,89.51354813244608,214.55987058579913,311.86543218791485,89.8579882664813,214.9285126477479,312.2378084808588,89.8579882664813,0.003582141877462465,9
510,temperature,LSTM_DENSE_SMALL_W60_H1,10,0.015111953921046162,0.013892806035821863,0.0005935636302334981,0.35932473838329315,0.40184035897254944,0.4188716411590576,610.5564267685016,617.0113176107407,617.4802742898464,610.9157515068849,617.3691153526306,617.8469397127628,61.09157515068849,0.010289485255877176,9
510,temperature,LSTM_DENSE_SMALL_W60_H1,30,0.03615914628622012,0.029912584723033077,0.001281904461969556,0.36352727976110244,0.39505474269390106,0.39537064731121063,1745.1845908330547,1756.7186303436756,1758.7351500988007,1745.5481181128157,1757.0962395519018,1759.1305207461119,58.18493727042719,0.02928493732586503,9
510,temperature,LSTM_DENSE_SMALL_W60_H1,60,0.09155165476678956,0.07412159243823017,0.003173155644639067,0.3758358458677928,0.42325034737586975,0.43105706572532654,3458.6372905307344,3469.4693591445684,3469.4796930998564,3459.0131263766025,3469.8474302887917,3469.858083873987,57.650218772943376,0.0578307905048132,9
510,temperature,LSTM_DENSE_SMALL_W60_H30,1,0.012157323201497405,0.012157323201497405,0.0004846442990895269,0.3383857094579273,0.36435239017009735,0.3744903951883316,56.76957426799668,58.202916756272316,58.55788104236126,57.10795997745461,58.55451002717018,58.89420956373215,57.10795997745461,0.0009759085004528363,9
510,temperature,LSTM_DENSE_SMALL_W60_H30,10,0.012402881999749992,0.01075406614361377,0.0004528682844412613,0.3680839306778378,0.4698310047388076,0.5111563950777054,56.49072200887733,58.234166353940964,59.112269431352615,56.85880593955517,58.566054329276085,59.438059106469154,5.685880593955517,0.0009761009054879348,9
510,temperature,LSTM_DENSE_SMALL_W60_H30,30,0.023431262288295028,0.020220249123858502,0.0008469404185471386,0.3587249666452408,0.42896196246147156,0.43590739369392395,84.92243910829227,190.1549063622951,274.0810438990593,85.28116407493751,190.5293475836515,274.41450767219067,2.8427054691645837,0.003175489126394191,9
510,temperature,LSTM_DENSE_SMALL_W60_H30,60,0.048691178484689214,0.04123135902772319,0.0017206199191004766,0.37289783358573914,0.4189051687717438,0.42159855365753174,124.5287497424417,128.90129536390305,130.560252815485,124.90164757602744,129.27658446133137,130.9091579169035,2.081694126267124,0.0021546097410221894,9
510,temperature,LSTM_DENSE_SMALL_W60_H60,1,0.035760693868000716,0.035760693868000716,0.0014065797641849077,0.36490460236867267,0.4053354263305664,0.4110783338546753,60.00688920418421,61.711547896265984,62.49677948653698,60.37179380655289,62.08924986422062,62.86180205643177,60.37179380655289,0.0010348208310703437,9
510,temperature,LSTM_DENSE_SMALL_W60_H60,10,0.031758602374079174,0.029838689861875312,0.0011965238983725015,0.3451806389623218,0.354941189289093,0.35511329770088196,57.88548187249236,59.09545458853245,59.43630449473858,58.23066251145469,59.44203697144985,59.79141779243946,5.823066251145469,0.000990700616190831,9
510,temperature,LSTM_DENSE_SMALL_W60_H60,30,0.03208143789760621,0.028779608903601615,0.0011746689387713036,0.3614189724127452,0.3971956670284271,0.4015788435935974,57.81783267027802,59.22029949724674,59.75223518908024,58.179251642690765,59.57912728190422,60.082562267780304,1.9393083880896922,0.0009929854546984035,9
510,temperature,LSTM_DENSE_SMALL_W60_H60,60,0.05022635061477526,0.0453632171097335,0.001890393913290158,0.35947126646836597,0.39872005581855774,0.404994934797287,56.88795447349548,58.58270823955536,58.59968066215515,57.24742573996385,58.91266278922558,58.926453813910484,0.9541237623327309,0.0009818777131537597,9
510,temperature,LSTM_DENSE_MED_W60_H1,1,0.0030721333821603024,0.0030721333821603024,0.0001363737856726679,0.34482694334454006,0.3793139010667801,0.3954004496335983,53.841022360656,54.457325860857964,54.59667928516865,54.185849304000534,54.791757836937904,54.9286101013422,54.185849304000534,0.000913195963948965,9
510,temperature,LSTM_DENSE_MED_W60_H1,10,0.009245317726979136,0.008151751893939192,0.0003576318949547559,0.3588021629386478,0.41173845529556274,0.42774900794029236,532.029200759199,547.1802651882172,553.2538816332817,532.3880029221376,547.5599098950624,553.6281410604715,53.23880029221376,0.009125998498251041,9
510,temperature,LSTM_DENSE_MED_W60_H1,30,0.022084523603225076,0.01856565654431549,0.0007834701781141632,0.3597136172983382,0.39160139858722687,0.39942748844623566,1614.6516748186614,1639.3240634351969,1640.9788820892572,1615.0113884359598,1639.6713368594646,1641.3255222141743,53.83371294786533,0.027327855614324412,9
510,temperature,LSTM_DENSE_MED_W60_H1,60,0.05443483180475589,0.04311286859727217,0.001798295432966703,0.3464106056425307,0.37705861032009125,0.39450637996196747,3373.6963814331425,3411.8895702064037,3416.9739596545696,3374.042792038785,3412.235139682889,3417.324846610427,56.23404653397975,0.056870585661381486,9
510,temperature,LSTM_DENSE_MED_W120_H1,1,0.0027738291422522822,0.0027738291422522822,0.00012378997761718845,0.34232499698797864,0.3633391112089157,0.3672447055578232,54.65296635197269,56.04740008711815,56.29613623023033,54.99529134896066,56.38880543410778,56.62682466208935,54.99529134896066,0.0009398134239017963,9
510,temperature,LSTM_DENSE_MED_W120_H1,10,0.008304479203207715,0.0073098410866474246,0.0003215426806243733,0.346539749039544,0.3689996898174286,0.37969276309013367,542.7201282646921,547.7685537189245,548.8256309181452,543.0666680137316,548.1093745678663,549.1674412041903,54.30666680137316,0.009135156242797772,9
510,temperature,LSTM_DENSE_MED_W120_H1,30,0.02207095504315637,0.01892405269299701,0.0007954541850274752,0.3582684116231071,0.4106339067220688,0.42137689888477325,1648.2803684969742,1718.3278437703848,1742.956118658185,1648.6386369085974,1718.6966512352228,1743.350638076663,54.95462123028658,0.028644944187253715,9
510,temperature,LSTM_DENSE_MED_W120_H1,60,0.04594925069307057,0.035671963261483426,0.0014954246294253501,0.3457603355248769,0.37892386317253113,0.3829076886177063,3768.351348944836,3990.9252882003784,4076.1911757290363,3768.697109280361,3991.2856221199036,4076.574083417654,62.81161848800602,0.06652142703533173,9
510,temperature,LSTM_DENSE_MED_W240_H1,1,0.0028202133178709234,0.0028202133178709234,0.00012538752136612673,0.34906942811277175,0.3620479255914688,0.3653932362794876,60.99467082983918,62.812379375100136,63.54673393070698,61.34374025795195,63.164111226797104,63.898202031850815,61.34374025795195,0.001052735187113285,9
510,temperature,LSTM_DENSE_MED_W240_H1,10,0.008010253499154449,0.0069891102415142094,0.0003086693013574464,0.3552153292629454,0.3894958645105362,0.39167143404483795,563.3482763336765,568.4032935649157,569.0392833203077,563.7034916629394,568.750174716115,569.3901795893908,56.37034916629394,0.009479169578601917,9
510,temperature,LSTM_DENSE_MED_W240_H1,30,0.018366184624525012,0.01586250467189252,0.0006776198987348747,0.3581814881828096,0.38444139063358307,0.3885161131620407,1783.0301467329264,1794.7326943278313,1795.705571770668,1783.388328221109,1795.0985878705978,1796.083901077509,59.446277607370305,0.0299183097978433,9
510,temperature,LSTM_DENSE_MED_W240_H1,60,0.044838705751098204,0.035305576890294774,0.0015111486191524536,0.35076650480429333,0.37338025867938995,0.37835724651813507,3815.524254201187,4032.319389283657,4072.601228952408,3815.875020705991,4032.6625388115644,4072.932420298457,63.59791701176652,0.06721104231352608,9
510,temperature,LSTM_DENSE_MED_W60_H30,1,0.01535905456542892,0.01535905456542892,0.0006044500083125352,0.35110219485229915,0.40017813444137573,0.42288005352020264,58.39598489304384,59.053901210427284,59.29521657526493,58.74708708789613,59.44321192800999,59.71809662878513,58.74708708789613,0.0009907201988001665,9
510,temperature,LSTM_DENSE_MED_W60_H30,10,0.014906771113598316,0.012829108128402994,0.000524085507782096,0.3496362931198544,0.3787614405155182,0.39013102650642395,57.22900376551681,57.792530953884125,57.88406729698181,57.578640058636665,58.13136026263237,58.228883892297745,5.7578640058636665,0.0009688560043772061,9
510,temperature,LSTM_DENSE_MED_W60_H30,30,0.026690058758133677,0.023461328088246226,0.000977239924467093,0.3527502218882243,0.368233397603035,0.36896951496601105,56.51922523975372,57.28086046874523,57.48100392520428,56.871975461641945,57.64355883002281,57.84997344017029,1.8957325153880649,0.0009607259805003802,9
510,temperature,LSTM_DENSE_MED_W60_H30,60,0.06433422212366595,0.05370313124104635,0.0022038406935500285,0.3643093837632073,0.4610255360603332,0.5229972302913666,113.02122411628564,114.36711139976978,114.71842788159847,113.38553350004885,114.81561027467251,115.24142511188984,1.8897588916674808,0.001913593504577875,9
510,temperature,LSTM_DENSE_MED_W120_H30,1,0.009966407775878849,0.009966407775878849,0.000433004399535631,0.39302681883176166,0.5589980632066727,0.5769003182649612,57.70187390347322,59.76153612136841,60.23338437080383,58.09490072230498,60.09349562227726,60.56373380124569,58.09490072230498,0.0010015582603712877,9
510,temperature,LSTM_DENSE_MED_W120_H30,10,0.021803434481569614,0.01961645359848461,0.0008176231665952989,0.3389459517267015,0.35613588988780975,0.359194353222847,57.888160563177536,60.017938911914825,60.4466013610363,58.227106514904236,60.34182980656624,60.77108904719353,5.822710651490423,0.0010056971634427707,9
510,temperature,LSTM_DENSE_MED_W120_H30,30,0.030403863941844012,0.026290058396227285,0.0011180518876740442,0.373042912946807,0.5226090550422667,0.6101317703723907,57.432860136032104,59.12439301609993,59.12867188453674,57.80590304897891,59.46483686566353,59.46942791342735,1.9268634349659637,0.0009910806144277254,9
510,temperature,LSTM_DENSE_MED_W120_H30,60,0.0660890486014767,0.055459335095361786,0.002300051034730042,0.3385465178224776,0.3473520278930664,0.3507547080516815,113.6461908204688,116.10604748129845,116.74842610955238,113.98473733829127,116.44549816846848,117.08858236670494,1.8997456223048546,0.0019407583028078078,9
510,temperature,LSTM_DENSE_MED_W240_H30,1,0.006588907877603844,0.006588907877603844,0.0002835317279079665,0.34110889666610295,0.35702213644981384,0.3635622560977936,64.19878639280796,66.77072942256927,66.99946150183678,64.53989528947406,67.12329126894474,67.34468974173069,64.53989528947406,0.001118721521149079,9
510,temperature,LSTM_DENSE_MED_W240_H30,10,0.016714275640865077,0.01370223636049211,0.0005694461317056799,0.340022560622957,0.36186426877975464,0.3704652190208435,62.83992073602147,65.67209362983704,66.05168804526329,63.179943296644424,66.00652821362019,66.38900749385357,6.317994329664442,0.0011001088035603364,9
510,temperature,LSTM_DENSE_MED_W240_H30,30,0.02502467021960284,0.021712667683065588,0.0009314193492957588,0.35639603932698566,0.41953809559345245,0.4405137151479721,60.747560527589584,62.59615421295166,62.65759840607643,61.10395656691657,62.93363831937313,62.996553257107735,2.0367985522305525,0.0010488939719895522,9
510,temperature,LSTM_DENSE_MED_W240_H30,60,0.045746216333430886,0.03729486304833708,0.0016119773547795895,0.3534536808729172,0.3983736038208008,0.41241198778152466,119.14486479428079,121.56669199466705,122.70504981279373,119.49831847515371,121.92150726914406,123.07973206043243,1.9916386412525617,0.002032025121152401,9
510,temperature,LSTM_DENSE_MED_W60_H60,1,0.02395185597737637,0.02395185597737637,0.0010625608075455662,0.3539220326476627,0.38126036524772644,0.38354843854904175,56.63839975992838,58.10183994472027,58.84814076125622,56.99232179257605,58.455152064561844,59.18993055820465,56.99232179257605,0.0009742525344093641,9
510,temperature,LSTM_DENSE_MED_W60_H60,10,0.03087250385931898,0.028509453120376022,0.0012266053918228142,0.35520601603719926,0.38457438349723816,0.38847699761390686,56.38692196872499,57.533951848745346,57.916074991226196,56.74212798476219,57.88446217775345,58.25365707278252,5.674212798476219,0.0009647410362958909,9
510,temperature,LSTM_DENSE_MED_W60_H60,30,0.029178187340703925,0.026009504166182938,0.0011300022824150995,0.34278548426098293,0.365544855594635,0.37368014454841614,56.30691370202435,57.65918083488941,57.84781835973263,56.64969918628534,57.98824205994606,58.17827954888344,1.8883233062095113,0.000966470700999101,9
510,temperature,LSTM_DENSE_MED_W60_H60,60,0.06091449097727062,0.05214455549896631,0.0022131626952503537,0.3379877242777083,0.3726828843355179,0.3778580576181412,55.9872943494055,57.43967294692993,58.28958377242088,56.32528207368321,57.78813399374485,58.61844681203365,0.9387547012280535,0.0009631355665624141,9
510,temperature,LSTM_DENSE_MED_W120_H60,1,0.031551671346029056,0.031551671346029056,0.001259415892520829,0.3428349478377236,0.37282705307006836,0.38779526948928833,57.20780686371856,59.052276238799095,59.348734095692635,57.55064181155629,59.39742177724838,59.69039350748062,57.55064181155629,0.0009899570296208063,9
510,temperature,LSTM_DENSE_MED_W120_H60,10,0.026187695895399286,0.02340080231175243,0.0009475286597704274,0.36404654383659363,0.44358074665069575,0.4840157926082611,57.38429973522822,58.24134796857834,58.469079434871674,57.74834627906481,58.58881175518036,58.83244797587395,5.774834627906481,0.0009764801959196727,9
510,temperature,LSTM_DENSE_MED_W120_H60,30,0.03695665083957643,0.03192131017997639,0.001336354199808336,0.34634417129887474,0.3776583820581436,0.382816419005394,57.2793512708611,58.52849371731281,58.99451486766338,57.62569544215997,58.892010152339935,59.37733128666878,1.9208565147386658,0.0009815335025389988,9
510,temperature,LSTM_DENSE_MED_W120_H60,60,0.06066927917384539,0.05028482301766875,0.0021293923259040407,0.3427082879675759,0.3800187259912491,0.3805849701166153,57.322414798869026,59.176262468099594,59.32516232132912,57.6651230868366,59.54056419432163,59.70433168113232,0.96108538478061,0.0009923427365720271,9
510,temperature,LSTM_DENSE_MED_W240_H60,1,0.02910989379882878,0.02910989379882878,0.0011826793264059243,0.371221039030287,0.4532430320978164,0.49890391528606415,63.21224177049266,64.64212611317635,65.17994403839111,63.58346280952295,64.98035304248333,65.51099382340908,63.58346280952295,0.0010830058840413889,9
510,temperature,LSTM_DENSE_MED_W240_H60,10,0.032004372861176786,0.029202056954123916,0.0011557520274394354,0.39670078290833366,0.48292875289916987,0.5257315933704376,61.952963057491516,63.13474774360657,63.29784542322159,62.34966384039985,63.59764710068703,63.823577016592026,6.234966384039985,0.0010599607850114504,9
510,temperature,LSTM_DENSE_MED_W240_H60,30,0.02606198171447942,0.02285360682145885,0.0009388223219941348,0.36092309488190544,0.4159417003393173,0.42717717587947845,60.61937887635496,61.83101907372475,61.91879138350487,60.98030197123686,62.16785050928593,62.24931217730045,2.0326767323745623,0.0010361308418214321,9
510,temperature,LSTM_DENSE_MED_W240_H60,60,0.05084951741705668,0.04379236079396076,0.0018497162110788438,0.362662598490715,0.39602406322956085,0.39876438677310944,60.25266378290124,63.24493959546089,64.79933112859726,60.61532638139195,63.603491336107254,65.1412196457386,1.010255439689866,0.0010600581889351208,9
621,temperature,ARIMA_311,1,0.002560078811577782,0.002560078811577782,0.0001004928968262109,33.781944670610955,37.02904358506203,37.63601928949356,1.655521078242196,1.715773344039917,1.7394647002220154,35.43746574885316,38.693223521113396,39.28949497640133,35.43746574885316,0.0006448870586852233,9
621,temperature,ARIMA_311,10,0.011925664295080188,0.010183978408708329,0.000394857106472678,33.39458588096831,36.0340841114521,36.31278872489929,1.9534035689300961,2.0602144300937653,2.0748265087604523,35.3479894498984,37.94972039759159,38.25942240655422,3.53479894498984,0.0006324953399598598,9
621,temperature,ARIMA_311,30,0.02513212144034651,0.02003139388582236,0.0007815518774873601,33.89220643374655,36.33948899805546,36.73885948956013,2.1919397016366324,2.3300763219594955,2.410082146525383,36.08414613538318,38.52061405777931,38.93529996275902,1.2028048711794392,0.0006420102342963219,9
621,temperature,ARIMA_311,60,0.050309445862532345,0.03807827460476242,0.0014797021403548417,33.576538786292076,36.38947941362858,36.63513995707035,2.579676194323434,2.7657516300678253,2.8642117977142334,36.15621498061551,38.962333649396896,39.251748472452164,0.6026035830102585,0.0006493722274899483,9
621,temperature,ARIMA_511_FFT,1,0.0024263689345591644,0.0024263689345591644,9.49505737464565e-05,77.12544976837106,83.69480408728123,85.47764830291271,4.429899983935886,4.756185412406921,4.9394890666008,81.55534975230694,88.36577720940113,90.41713736951351,81.55534975230694,0.0014727629534900188,9
621,temperature,ARIMA_511_FFT,10,0.012012458115359604,0.01043099319380669,0.00040380458189548065,76.66730177071359,83.48857313394547,84.16128903627396,4.798939451575279,4.906411096453667,4.944426938891411,81.46624122228887,88.29624764621258,88.94115500152111,8.146624122228888,0.0014716041274368762,9
621,temperature,ARIMA_511_FFT,30,0.026001604914837894,0.021210700957420156,0.0008295457159180122,76.20522131522496,84.98308435082436,86.7977887392044,5.330790455142657,5.6130800396203995,5.711467936635017,81.53601177036762,90.27261175215244,92.18228422105312,2.7178670590122542,0.0015045435292025406,9
621,temperature,ARIMA_511_FFT,60,0.04706147877974087,0.03825733131802101,0.0014923500606079053,75.44913122223483,81.01971559226513,81.76822774112225,5.7761408388614655,5.9601884335279465,6.045786663889885,81.22527206109629,86.83232367038727,87.60001882910728,1.3537545343516049,0.0014472053945064544,9
621,temperature,LSTM_DENSE_SMALL_W60_H1,1,0.011951538085937585,0.011951538085937585,0.0004622263982380222,0.35449903872278,0.3923412412405014,0.39440952241420746,54.262500670221115,58.57575573027134,61.14988960325718,54.616999708943894,58.91825966536999,61.49767152965069,54.616999708943894,0.0009819709944228331,9
621,temperature,LSTM_DENSE_SMALL_W60_H1,10,0.017878417121193993,0.0163020648147122,0.0006304215847423985,0.3552219520012538,0.41287876665592194,0.42881257832050323,533.0167818400595,540.509295091033,543.207036331296,533.3720037920607,540.8529881387949,543.5580033808947,53.33720037920607,0.009014216468979914,9
621,temperature,LSTM_DENSE_SMALL_W60_H1,30,0.03480236116798231,0.028745636509181743,0.0011174895019748518,0.37318675054444206,0.42909644544124603,0.44987164437770844,1599.141401756141,1613.5791968554258,1614.8143168538809,1599.5145885066854,1613.9182649552822,1615.1430420577526,53.31715295022285,0.026898637749254703,9
621,temperature,LSTM_DENSE_SMALL_W60_H1,60,0.07720754804453522,0.06188822308152795,0.0024171132515140915,0.35399239924218917,0.38428008556365967,0.39398670196533203,3394.3078582071594,3480.3040985018015,3490.0091607123613,3394.661850606402,3480.6619491428137,3490.3788808733225,56.577697510106695,0.058011032485713564,9
621,temperature,LSTM_DENSE_SMALL_W60_H30,1,0.011310206095377851,0.011310206095377851,0.00043632667047049673,0.34113042056560516,0.35327449440956116,0.3569163382053375,53.85285864273707,55.25423064827919,55.8416023850441,54.19398906330267,55.59341460466385,56.17503449320793,54.19398906330267,0.0009265569100777308,9
621,temperature,LSTM_DENSE_SMALL_W60_H30,10,0.02027440493284332,0.017966781916762712,0.0006932599289783177,0.3390471554464764,0.36599934101104736,0.36916136741638184,53.605539724230766,55.0699096173048,55.27459643781185,53.944586879677246,55.41800074279308,55.6358527392149,5.394458687967725,0.0009236333457132181,9
621,temperature,LSTM_DENSE_SMALL_W60_H30,30,0.028931220850605472,0.0234854288764249,0.0009074377616449163,0.34414128296905094,0.36847442388534546,0.37442147731781006,54.891793471243645,56.54830113053322,57.45963752269745,55.2359347542127,56.889380514621735,57.80019611120224,1.8411978251404233,0.0009481563419103622,9
621,temperature,LSTM_DENSE_SMALL_W60_H30,60,0.0617389163903061,0.048651544612300625,0.0018935786918307124,0.3455587559276157,0.36691799759864807,0.37618353962898254,107.01015964150429,108.67391116917133,109.79756154119968,107.3557183974319,109.02356170117855,110.15058122575283,1.7892619732905317,0.0018170593616863091,9
621,temperature,LSTM_DENSE_SMALL_W60_H60,1,0.015275143941243385,0.015275143941243385,0.000591641932988467,0.3646165132522583,0.5031548440456389,0.5973875522613525,53.06871049106121,55.25252744555473,55.71238696575165,53.43332700431347,55.746617168188095,56.309774518013,53.43332700431347,0.0009291102861364683,9
621,temperature,LSTM_DENSE_SMALL_W60_H60,10,0.02790945913162578,0.025519697617039438,0.0009867810519813883,0.33595185312959885,0.34572407603263855,0.3503561019897461,53.50499269035127,54.54000607132912,54.993242025375366,53.84094454348087,54.87336441874504,55.330924689769745,5.384094454348087,0.0009145560736457507,9
621,temperature,LSTM_DENSE_SMALL_W60_H60,30,0.0383956475353357,0.03440590406357077,0.0013333728084749732,0.33739229871167076,0.35300031304359436,0.35439059138298035,53.86156795753373,55.78867606818676,56.50774575769901,54.1989602562454,56.13670386373997,56.86213634908199,1.8066320085415133,0.0009356117310623328,9
621,temperature,LSTM_DENSE_SMALL_W60_H60,60,0.06712846999259685,0.05644176354444576,0.0021932531162537163,0.33603981137275696,0.3544706851243973,0.35986490547657013,52.656998650895225,53.30817140638828,53.46601642668247,52.99303846226798,53.65989692509174,53.81231568753719,0.8832173077044664,0.0008943316154181957,9
621,temperature,LSTM_DENSE_MED_W60_H1,1,0.0035629348754881106,0.0035629348754881106,0.00013887247875734313,0.3419189403454463,0.35897456109523773,0.36146678030490875,56.237378261155555,58.29772464931011,59.1746661812067,56.579297201501,58.63095745444298,59.50372293591499,56.579297201501,0.0009771826242407162,9
621,temperature,LSTM_DENSE_MED_W60_H1,10,0.014454177301052393,0.012863114212498203,0.0004979880111328788,0.35049331684907276,0.3748517483472824,0.3777388483285904,549.5912147065004,551.8001090735197,552.5347646325827,549.9417080233494,552.1368499845266,552.8745111078024,54.99417080233494,0.009202280833075444,9
621,temperature,LSTM_DENSE_MED_W60_H1,30,0.026520059027460113,0.020439846815984902,0.0007946123618109821,0.3621559590101242,0.40577538311481476,0.4159267991781235,1634.694445050425,1639.474657177925,1639.6867260336876,1635.056601009435,1639.8117173463106,1640.0203797966242,54.5018867003145,0.02733019528910518,9
621,temperature,LSTM_DENSE_MED_W60_H1,60,0.06872525761465374,0.05219554454788623,0.0020411982963061573,0.3535863425996568,0.4138033837080002,0.4317890852689743,3245.19724978341,3258.9601047337055,3260.2292634546757,3245.5508361260095,3259.3511562794447,3260.6610525399446,54.092513935433495,0.054322519271324074,9
621,temperature,LSTM_DENSE_MED_W120_H1,1,0.004751213073730299,0.004751213073730299,0.0001847176370737305,0.3336692849795024,0.34310072660446167,0.34357234835624695,58.379474199480484,59.12189334630966,59.15752425789833,58.713143484459984,59.4529964029789,59.484295547008514,58.713143484459984,0.0009908832733829815,9
621,temperature,LSTM_DENSE_MED_W120_H1,10,0.015259143452232667,0.013592038680567667,0.0005258953755279065,0.34433789551258087,0.3585115075111389,0.3593526780605316,556.3107693774832,557.9151406884193,557.936143130064,556.6551072729958,558.2608837634325,558.2742150872946,55.665510727299576,0.009304348062723875,9
621,temperature,LSTM_DENSE_MED_W120_H1,30,0.029294133274177313,0.0228808188008482,0.0008886983190297797,0.3699463688664966,0.3947734832763672,0.3970414400100708,1666.672113041083,1675.7890451699495,1679.2853642255068,1667.0420594099496,1676.168341934681,1679.6718277037144,55.56806864699832,0.02793613903224468,9
621,temperature,LSTM_DENSE_MED_W120_H1,60,0.07443141743801993,0.057264248305278286,0.002238070165511544,0.3602796544631322,0.40046386420726776,0.4059169441461563,3276.98619891372,3334.3410320580006,3364.8370690643787,3277.346478568183,3334.6846845000982,3365.181664004922,54.62244130946972,0.05557807807500163,9
621,temperature,LSTM_DENSE_MED_W240_H1,1,0.0031431274414060796,0.0031431274414060796,0.0001226932864321144,0.33867234985033673,0.35641826689243317,0.360613688826561,55.3871670530902,56.54093697667122,57.02533200383186,55.72583940294054,56.888121739029884,57.385945692658424,55.72583940294054,0.0009481353623171648,9
621,temperature,LSTM_DENSE_MED_W240_H1,10,0.013660563490199068,0.01214784194483876,0.0004703793574173889,0.3407597541809082,0.35600364208221436,0.35821273922920227,583.3747403489219,590.6931050121784,594.1640771925449,583.7155001031028,591.0382088273764,594.5041235536337,58.37155001031029,0.009850636813789606,9
621,temperature,LSTM_DENSE_MED_W240_H1,30,0.02331520687257893,0.018045483090534727,0.0007007893569812779,0.35225869052939945,0.3892190754413605,0.39810314774513245,1707.886328506801,1715.2184426784515,1716.8656177818775,1708.2385871973302,1715.5520103871822,1717.1959355473518,56.94128623991101,0.028592533506453036,9
621,temperature,LSTM_DENSE_MED_W240_H1,60,0.059562404317641024,0.04534864170059617,0.0017691822783236853,0.3625527024269104,0.38252510130405426,0.38372911512851715,3386.834336651696,3433.0545008182526,3453.4155167639256,3387.196889354123,3433.393307030201,3453.7510238587856,56.45328148923538,0.05722322178383668,9
621,temperature,LSTM_DENSE_MED_W60_H30,1,0.014343215942383126,0.014343215942383126,0.0005547251953320019,0.3395279248555501,0.3568023443222046,0.3598444163799286,53.545002308156754,55.31235821545124,55.41970767080784,53.884530233012306,55.64149208366871,55.74815161526203,53.884530233012306,0.0009273582013944785,9
621,temperature,LSTM_DENSE_MED_W60_H30,10,0.02220674123699237,0.020254846491958318,0.0007838212020664885,0.33793246580494773,0.35355277359485626,0.35369209945201874,52.823830188976395,53.66051383316517,53.880805149674416,53.16176265478134,53.9871621876955,54.20972220599651,5.316176265478134,0.0008997860364615917,9
621,temperature,LSTM_DENSE_MED_W60_H30,30,0.030390374002390474,0.026388390189691906,0.0010241315305685658,0.33352793090873295,0.3463085740804672,0.3483723849058151,77.85365689131949,174.28506240248674,251.79723277688026,78.18718482222822,174.61054995656008,252.1233856678009,2.606239494074274,0.002910175832609335,9
621,temperature,LSTM_DENSE_MED_W60_H30,60,0.06003188888092535,0.048716379353568394,0.0018924283343345536,0.3460051698817147,0.3579709678888321,0.3583002835512161,113.7980589022239,118.72622296214104,120.40325626730919,114.14406407210562,119.06628124415874,120.73410488665104,1.902401067868427,0.001984438020735979,9
621,temperature,LSTM_DENSE_MED_W120_H30,1,0.014141921997070738,0.014141921997070738,0.0005554501718412508,0.34513986772961086,0.3583099693059921,0.36157481372356415,56.62016839616828,58.02942030131817,58.122603222727776,56.965308263897896,58.38063284754753,58.47601592540741,56.965308263897896,0.0009730105474591255,9
621,temperature,LSTM_DENSE_MED_W120_H30,10,0.022856988123405413,0.021009380641128245,0.0008210587767100899,0.34751825862460667,0.37130899727344513,0.3716256469488144,55.24788631333245,56.68649114668369,56.95212446153164,55.59540457195706,57.04310089349747,57.298723608255386,5.559540457195706,0.0009507183482249578,9
621,temperature,LSTM_DENSE_MED_W120_H30,30,0.03070719378582487,0.02530411114577824,0.0009854858009126911,0.34330040216445923,0.3655441105365753,0.3741607069969177,55.06325906349553,56.27645142376423,56.28569610416889,55.40655946565999,56.628064438700676,56.63674511015415,1.8468853155219995,0.0009438010739783447,9
621,temperature,LSTM_DENSE_MED_W120_H30,60,0.06451301373617034,0.05076909289794997,0.001971963983694505,0.33692146341005963,0.34906454384326935,0.3508683294057846,108.46352763473988,110.08433550596237,110.08934304118156,108.80044909814994,110.41452623903751,110.42734421789646,1.813340818302499,0.0018402421039839586,9
621,temperature,LSTM_DENSE_MED_W240_H30,1,0.010118560791016052,0.010118560791016052,0.0003955936119211618,0.340149634414249,0.357283279299736,0.36152638494968414,56.70018949442439,59.16893891990185,60.149116441607475,57.040339128838646,59.50420796871185,60.485415160655975,57.040339128838646,0.000991736799478531,9
621,temperature,LSTM_DENSE_MED_W240_H30,10,0.019099914866268154,0.01720718134099819,0.000668711674590518,0.3364086151123047,0.3451470285654068,0.3468301147222519,56.235731061961914,57.48340226709843,57.823421433568,56.57213967707422,57.82604739069939,58.17025154829025,5.657213967707422,0.0009637674565116564,9
621,temperature,LSTM_DENSE_MED_W240_H30,30,0.027659906357608344,0.022708859002766105,0.0008825410308271559,0.33722321192423504,0.36204084753990173,0.3660842776298523,55.36243878304958,56.450749933719635,56.88486620783806,55.699661994973816,56.77794627845287,57.21309967339039,1.8566553998324606,0.0009462991046408812,9
621,temperature,LSTM_DENSE_MED_W240_H30,60,0.056566931322768424,0.04460889010016627,0.0017304896245895567,0.33988410400019753,0.3574538975954056,0.362960621714592,110.82712622980277,112.80565746128559,113.02596889436245,111.16701033380296,113.163111358881,113.38892951607704,1.8527835055633828,0.00188605185598135,9
621,temperature,LSTM_DENSE_MED_W60_H60,1,0.00546037038167384,0.00546037038167384,0.000213025473373054,0.373793351981375,0.5254596471786498,0.6413199007511139,52.71694829894437,53.889282047748566,54.02269959449768,53.09074165092574,54.23259548842907,54.374368861317635,53.09074165092574,0.0009038765914738178,9
621,temperature,LSTM_DENSE_MED_W60_H60,10,0.02137597299276723,0.01830680114283716,0.0007103380465066554,0.3720453629891078,0.5439177155494689,0.6731003522872925,53.5826115972466,55.50296530127525,55.850330740213394,53.9546569602357,55.970920249819756,56.1815220862627,5.39546569602357,0.0009328486708303292,9
621,temperature,LSTM_DENSE_MED_W60_H60,30,0.032852814733960865,0.027789510020602076,0.0010802912168803973,0.3348086029291153,0.3448367118835449,0.34845247864723206,56.626366037461494,59.20760743319988,59.805141761898994,56.96117464039061,59.541746228933334,60.14455482363701,1.8987058213463537,0.000992362437148889,9
621,temperature,LSTM_DENSE_MED_W60_H60,60,0.06565686957061266,0.052159793304170546,0.002029995566569264,0.33116651078065235,0.33994726836681366,0.3421921283006668,55.476486682891846,56.74873702228069,57.022834196686745,55.8076531936725,57.08688907325268,57.35829286277294,0.930127553227875,0.000951448151220878,9
621,temperature,LSTM_DENSE_MED_W120_H60,1,0.017500818888346713,0.017500818888346713,0.0006824154740266662,0.3470333500040902,0.36671459674835205,0.36700814962387085,55.274697848492195,56.70197978615761,56.916505098342896,55.62173119849629,57.05023519694805,57.26504884660244,55.62173119849629,0.0009508372532824675,9
621,temperature,LSTM_DENSE_MED_W120_H60,10,0.021457252769523073,0.018864247686213108,0.0007345591394561608,0.37364247772428727,0.5057789385318755,0.6047114729881287,54.61913430028491,55.39920851588249,55.52268773317337,54.9927767780092,55.83714358508587,55.84943853318691,5.4992776778009205,0.0009306190597514312,9
621,temperature,LSTM_DENSE_MED_W120_H60,30,0.036848613184122844,0.031131762794310947,0.0012149524779661977,0.3441592885388268,0.3779049962759018,0.385550782084465,54.026173427700996,54.85132001340389,55.1163163036108,54.37033271623982,55.182233452796936,55.43931946158409,1.8123444238746607,0.0009197038908799489,9
621,temperature,LSTM_DENSE_MED_W120_H60,60,0.07575729925740424,0.06148436205800959,0.0023938975439016194,0.3416457523902257,0.35316795110702515,0.3533996641635895,54.12041892608007,55.37893772125244,55.481791496276855,54.46206467847029,55.714745074510574,55.81999570131302,0.9077010779745048,0.0009285790845751762,9
621,temperature,LSTM_DENSE_MED_W240_H60,1,0.013666653951009522,0.013666653951009522,0.0005339462013894361,0.33926115267806584,0.35040080547332764,0.3511384129524231,56.034656862417854,57.51691274344921,57.698046788573265,56.373918015095924,57.851141691207886,58.03537741303444,56.373918015095924,0.0009641856948534647,9
621,temperature,LSTM_DENSE_MED_W240_H60,10,0.025273922797619846,0.02335841247096198,0.0009063704047572856,0.33098190195030636,0.35164058208465576,0.35249069333076477,55.64795186122259,56.90935216844082,57.0214819163084,55.97893376317289,57.23305270075798,57.34596028923988,5.597893376317289,0.0009538842116792996,9
621,temperature,LSTM_DENSE_MED_W240_H60,30,0.03412231794718176,0.030331114120898443,0.001178637503627567,0.3381994449430042,0.3539428114891052,0.3555864095687866,55.550960409972404,57.49138854444027,58.20937640964985,55.889159854915405,57.8303012996912,58.547740802168846,1.8629719951638468,0.0009638383549948533,9
621,temperature,LSTM_DENSE_MED_W240_H60,60,0.0567804919657558,0.046479166953880297,0.0018047026248448968,0.3321826871898439,0.3442678600549698,0.3468897193670273,55.825949543052246,57.1047380566597,57.14540183544159,56.158132230242096,57.44686610996723,57.49229155480862,0.9359688705040349,0.0009574477684994538,9
